"cell","label","pruned_label","score_delta"
"AAACATACAACCAC-1","T_cells","T_cells",0.0886608903525236
"AAACATTGAGCTAC-1","B_cell","B_cell",0.304611867235611
"AAACATTGATCAGC-1","T_cells","T_cells",0.198185494740704
"AAACCGTGCTTCCG-1","Monocyte","Monocyte",0.0503584920849982
"AAACCGTGTATGCG-1","NK_cell","NK_cell",0.0892199201621856
"AAACGCACTGGTAC-1","T_cells","T_cells",0.0776704092927232
"AAACGCTGACCAGT-1","T_cells","T_cells",0.0450815019936802
"AAACGCTGGTTCTT-1","T_cells","T_cells",0.0754929523825489
"AAACGCTGTAGCCA-1","T_cells","T_cells",0.103998210415657
"AAACGCTGTTTCTG-1","Monocyte","Monocyte",0.0718848005881739
"AAACTTGAAAAACG-1","B_cell","B_cell",0.174415860190656
"AAACTTGATCCAGA-1","T_cells","T_cells",0.243137080355503
"AAAGAGACGAGATA-1","T_cells","T_cells",0.0843353281066508
"AAAGAGACGCGAGA-1","Monocyte","Monocyte",0.0624824794253445
"AAAGAGACGGACTT-1","T_cells","T_cells",0.0519227155783407
"AAAGAGACGGCATT-1","T_cells",NA,0.070245477065389
"AAAGCAGATATCGG-1","Monocyte","Monocyte",0.196355334665902
"AAAGCCTGTATGCG-1","T_cells","T_cells",0.197660364472963
"AAAGGCCTGTCTAG-1","T_cells","T_cells",0.070891837160998
"AAAGTTTGATCACG-1","B_cell","B_cell",0.365274028548636
"AAAGTTTGGGGTGA-1","B_cell","B_cell",0.366401600863486
"AAAGTTTGTAGAGA-1","Pre-B_cell_CD34-","Pre-B_cell_CD34-",0.0022016697908184
"AAAGTTTGTAGCGT-1","Monocyte","Monocyte",0.00561860343870491
"AAATCAACAATGCC-1","B_cell","B_cell",0.0904676017953387
"AAATCAACACCAGT-1","T_cells","T_cells",0.0738578345251095
"AAATCAACCAGGAG-1","T_cells","T_cells",0.114660536706328
"AAATCAACCCTATT-1","Pre-B_cell_CD34-","Pre-B_cell_CD34-",0.0225433065118122
"AAATCAACGGAAGC-1","T_cells","T_cells",0.119376050362491
"AAATCAACTCGCAA-1","T_cells","T_cells",0.107860567332155
"AAATCATGACCACA-1","Monocyte","Monocyte",0.106314479931514
"AAATCCCTCCACAA-1","T_cells","T_cells",0.0622407753485345
"AAATCCCTGCTATG-1","B_cell","B_cell",0.112144680304927
"AAATGTTGAACGAA-1","Monocyte","Monocyte",0.0495978200391474
"AAATGTTGCCACAA-1","T_cells","T_cells",0.0816433250394354
"AAATGTTGTGGCAT-1","Monocyte","Monocyte",0.123956989004773
"AAATTCGAAGGTTC-1","T_cells","T_cells",0.119981140635023
"AAATTCGAATCACG-1","Monocyte","Monocyte",0.0539559396401421
"AAATTCGAGCTGAT-1","Monocyte","Monocyte",0.0806904153656363
"AAATTCGAGGAGTG-1","T_cells","T_cells",0.0685680749267656
"AAATTCGATTCTCA-1","NK_cell","NK_cell",0.0800125313676472
"AAATTGACACGACT-1","T_cells","T_cells",0.0552517877959329
"AAATTGACTCGCTC-1","T_cells","T_cells",0.0900079097727705
"AACAAACTCATTTC-1","T_cells","T_cells",0.180436605534905
"AACAAACTTTCGTT-1","T_cells","T_cells",0.0980926975917268
"AACAATACGACGAG-1","T_cells","T_cells",0.24386368041207
"AACACGTGCAGAGG-1","T_cells","T_cells",0.100493214812721
"AACACGTGGAAAGT-1","T_cells","T_cells",0.206194377780502
"AACACGTGGAACCT-1","Monocyte","Monocyte",0.208792508967437
"AACACGTGGCTACA-1","T_cells","T_cells",0.128023107231836
"AACACGTGTACGAC-1","Monocyte","Monocyte",0.0920497466133914
"AACAGCACAAGAGT-1","Monocyte","Monocyte",0.110506897966329
"AACATTGATGGGAG-1","Monocyte","Monocyte",0.161027885027266
"AACCAGTGATACCG-1","Monocyte","Monocyte",0.0992535467166833
"AACCCAGATCGCTC-1","T_cells","T_cells",0.0771155623148199
"AACCGATGCTCCCA-1","T_cells","T_cells",0.14992341688122
"AACCGATGGTCATG-1","B_cell","B_cell",0.323188745235777
"AACCGATGTTCTAC-1","Monocyte","Monocyte",0.0753147972582704
"AACCGCCTAGCGTT-1","T_cells","T_cells",0.292132714870249
"AACCGCCTCTACGA-1","Monocyte","Monocyte",0.193045523355966
"AACCTACTGTGAGG-1","Monocyte","Monocyte",0.0687175887253648
"AACCTACTGTGTTG-1","T_cells","T_cells",0.142195191097429
"AACCTTACGAGACG-1","T_cells","T_cells",0.258734739440115
"AACCTTACGCGAGA-1","NK_cell","NK_cell",0.115931916746156
"AACCTTACTAACGC-1","Monocyte","Monocyte",0.0939198599061887
"AACCTTTGGACGGA-1","T_cells","T_cells",0.256428561674622
"AACCTTTGTACGCA-1","Monocyte","Monocyte",0.0750042558003993
"AACGCAACAAGTAG-1","T_cells","T_cells",0.121858934403153
"AACGCATGACCCAA-1","T_cells","T_cells",0.106041945746445
"AACGCATGCCTTCG-1","T_cells","T_cells",0.171283596086703
"AACGCATGTACTTC-1","T_cells","T_cells",0.164109117232346
"AACGCCCTCGGGAA-1","T_cells","T_cells",0.27693098585515
"AACGCCCTCGTACA-1","NK_cell","NK_cell",0.231705656951919
"AACGCCCTGGCATT-1","T_cells","T_cells",0.075627261502516
"AACGTCGAGTATCG-1","NK_cell","NK_cell",0.108029537642858
"AACGTGTGAAAGCA-1","T_cells","T_cells",0.263366031780216
"AACGTGTGGCGGAA-1","B_cell","B_cell",0.135739067353637
"AACGTGTGTCCAAG-1","T_cells","T_cells",0.0654266373357041
"AACGTGTGTGCTTT-1","T_cells","T_cells",0.135106379318409
"AACTACCTTAGAGA-1","T_cells","T_cells",0.113684271637561
"AACTCACTCAAGCT-1","Monocyte","Monocyte",0.148315021975076
"AACTCACTTGGAGG-1","Monocyte","Monocyte",0.110514995629746
"AACTCGGAAAGTGA-1","T_cells","T_cells",0.0547164476005098
"AACTCGGAAGGTCT-1","Monocyte","Monocyte",0.0156295105957577
"AACTCTTGCAGGAG-1","T_cells","T_cells",0.137877391459934
"AACTGTCTCCCTTG-1","Monocyte","Monocyte",0.00196916567190125
"AACTTGCTACGCTA-1","B_cell","B_cell",0.11028392459054
"AACTTGCTGGGACA-1","T_cells","T_cells",0.184788022395743
"AAGAACGAGTGTTG-1","T_cells","T_cells",0.0908416739342006
"AAGAAGACGTAGGG-1","B_cell","B_cell",0.121523323756638
"AAGACAGAAGTCTG-1","B_cell","B_cell",0.189483371288343
"AAGACAGAGGATCT-1","T_cells","T_cells",0.0742319020048195
"AAGACAGATTACCT-1","Monocyte","Monocyte",0.0507310915627772
"AAGAGATGGGTAGG-1","B_cell","B_cell",0.0858973156275129
"AAGATGGAAAACAG-1","B_cell","B_cell",0.0703436590376836
"AAGATGGAGAACTC-1","Monocyte","Monocyte",0.356600633177496
"AAGATGGAGATAAG-1","Pre-B_cell_CD34-","Pre-B_cell_CD34-",0.0219615556912886
"AAGATTACAACCTG-1","T_cells","T_cells",0.10145234740589
"AAGATTACAGATCC-1","Monocyte","Monocyte",0.247303639665349
"AAGATTACCCGTTC-1","Monocyte","Monocyte",0.230927591664314
"AAGATTACCGCCTT-1","Monocyte","Monocyte",0.0675439718208348
"AAGATTACCTCAAG-1","NK_cell","NK_cell",0.09212708813339
"AAGATTACTCCTCG-1","Monocyte","Monocyte",0.178891753690196
"AAGCAAGAGCGAGA-1","T_cells","T_cells",0.0566826701666973
"AAGCAAGAGCTTAG-1","T_cells","T_cells",0.1142260441999
"AAGCAAGAGGTGTT-1","NK_cell","NK_cell",0.0943987114287573
"AAGCACTGAGCAAA-1","B_cell","B_cell",0.0733927753304582
"AAGCACTGCATACG-1","T_cells","T_cells",0.0729785517792538
"AAGCACTGGTTCTT-1","B_cell","B_cell",0.23332744710574
"AAGCCAACGTGTTG-1","T_cells","T_cells",0.244859741945156
"AAGCCATGAACTGC-1","Monocyte","Monocyte",0.0918359793141343
"AAGCCATGACACGT-1","Monocyte","Monocyte",0.0920401949032774
"AAGCCATGCGTGAT-1","T_cells","T_cells",0.199210938939922
"AAGCCATGTCTCGC-1","T_cells","T_cells",0.00593897408144739
"AAGCCTGACATGCA-1","T_cells","T_cells",0.0743272127733069
"AAGCCTGACCGAAT-1","Monocyte","Monocyte",0.131948977349771
"AAGCGACTCCTCAC-1","Monocyte","Monocyte",0.0552872882528481
"AAGCGACTGTGTCA-1","T_cells","T_cells",0.175916617013555
"AAGCGACTTACAGC-1","B_cell","B_cell",0.479627593774369
"AAGCGACTTTGACG-1","Monocyte","Monocyte",0.0995954975110931
"AAGCGTACGTCTTT-1","T_cells","T_cells",0.151897597914229
"AAGGCTTGCGAACT-1","T_cells","T_cells",0.10525812731523
"AAGGTCACGGTTAC-1","Pre-B_cell_CD34-","Pre-B_cell_CD34-",0.00364382991127088
"AAGGTCACTGTTTC-1","B_cell","B_cell",0.107473424189041
"AAGGTCACTTCCCG-1","T_cells","T_cells",0.140913349926595
"AAGGTCTGACAGTC-1","T_cells","T_cells",0.0612110042025746
"AAGGTCTGCAGATC-1","T_cells","T_cells",0.0757116045670809
"AAGTAACTCTGAAC-1","Monocyte","Monocyte",0.076430025815713
"AAGTAACTGAGATA-1","B_cell","B_cell",0.0754954230198657
"AAGTAGGATACAGC-1","NK_cell","NK_cell",0.147006784694095
"AAGTATACCGAACT-1","T_cells","T_cells",0.148453525880041
"AAGTCCGACTTGTT-1","T_cells","T_cells",0.0603778076349692
"AAGTCCGATAGAAG-1","T_cells","T_cells",0.106346547998977
"AAGTCTCTAGTCGT-1","T_cells","T_cells",0.162256260222077
"AAGTCTCTCGGAGA-1","T_cells","T_cells",0.0259244783879193
"AAGTGGCTTGGAGG-1","B_cell","B_cell",0.176411877272808
"AAGTTCCTCATTCT-1","Monocyte","Monocyte",0.0786712152695926
"AAGTTCCTTCTTAC-1","T_cells","T_cells",0.0954219735783477
"AATAAGCTCGAATC-1","T_cells","T_cells",0.112451148096247
"AATAAGCTCGTTGA-1","T_cells","T_cells",0.265904309918234
"AATACCCTGGACGA-1","B_cell","B_cell",0.21204699269785
"AATACCCTGGCATT-1","T_cells","T_cells",0.162476017276586
"AATACTGAAAGGGC-1","NK_cell","NK_cell",0.111721954843697
"AATACTGAATTGGC-1","NK_cell","NK_cell",0.115674867137781
"AATAGGGAACCCTC-1","B_cell","B_cell",0.160383734344439
"AATAGGGAGAATGA-1","T_cells","T_cells",0.142344441161221
"AATCAAACTATCGG-1","T_cells","T_cells",0.0888356995913324
"AATCCGGAATGCTG-1","B_cell","B_cell",0.299906510317496
"AATCCTACCGGTAT-1","T_cells","T_cells",0.110274861494921
"AATCCTTGACGGGA-1","Monocyte","Monocyte",0.063350486432425
"AATCCTTGGTGAGG-1","NK_cell","NK_cell",0.0757077888439138
"AATCGGTGGAACTC-1","T_cells","T_cells",0.124952258046799
"AATCGGTGTGCTTT-1","T_cells","T_cells",0.0596263730081997
"AATCTAGAAAAGTG-1","T_cells","T_cells",0.184987099516072
"AATCTAGAATCGGT-1","T_cells","T_cells",0.101982211804766
"AATCTCACAGCCTA-1","Monocyte","Monocyte",0.0791816537744126
"AATCTCACTCTAGG-1","T_cells","T_cells",0.298694576451886
"AATCTCTGAACAGA-1","T_cells","T_cells",0.170421691195194
"AATCTCTGCTTTAC-1","NK_cell","NK_cell",0.035889100671842
"AATGATACACCAAC-1","T_cells","T_cells",0.00332306132173421
"AATGATACGGTCAT-1","Pre-B_cell_CD34-","Pre-B_cell_CD34-",0.0615556257614432
"AATGCGTGACACCA-1","B_cell","B_cell",0.344640424086283
"AATGCGTGGACGGA-1","Monocyte","Monocyte",0.0620918458441065
"AATGCGTGGCTATG-1","B_cell","B_cell",0.227916831018792
"AATGGAGAATCGTG-1","Monocyte","Monocyte",0.0953891293245464
"AATGGAGATCCTTA-1","T_cells","T_cells",0.174876334614517
"AATGGCTGACACCA-1","B_cell","B_cell",0.0936464541041337
"AATGGCTGCGTGAT-1","T_cells","T_cells",0.204313071050796
"AATGGCTGTAAAGG-1","T_cells","T_cells",0.0293441599767656
"AATGGCTGTACTCT-1","T_cells","T_cells",0.121009101310305
"AATGGCTGTGAAGA-1","T_cells","T_cells",0.145237991010457
"AATGTAACGGTGGA-1","T_cells","T_cells",0.190385205762143
"AATGTCCTCTTCTA-1","T_cells","T_cells",0.115952380794229
"AATGTTGACAGTCA-1","T_cells","T_cells",0.150400339400552
"AATGTTGAGTTGAC-1","Monocyte","Monocyte",0.18353223298693
"AATGTTGATCTACT-1","T_cells","T_cells",0.0814582295586282
"AATTACGAATTCCT-1","Monocyte","Monocyte",0.198059348815003
"AATTACGACTTCTA-1","T_cells","T_cells",0.0876333488833669
"AATTACGAGTGAGG-1","T_cells","T_cells",0.0824202921457573
"AATTACGATTGGCA-1","B_cell","B_cell",0.212736209208273
"AATTCCTGCTCAGA-1","B_cell","B_cell",0.102756647202463
"AATTGATGTCGCAA-1","Monocyte","Monocyte",0.0743037360355115
"AATTGTGACTTGGA-1","B_cell","B_cell",0.0689331350357749
"ACAAAGGAGGGTGA-1","T_cells","T_cells",0.0612618595939494
"ACAAATTGATTCTC-1","Monocyte","Monocyte",0.0993817707150971
"ACAAATTGCTCAGA-1","Monocyte","Monocyte",0.0742704611318258
"ACAAATTGTTGCGA-1","NK_cell","NK_cell",0.0851938877698412
"ACAACCGAGGGATG-1","NK_cell","NK_cell",0.193792884866687
"ACAACCGAGTTACG-1","T_cells","T_cells",0.130617898811212
"ACAAGAGAAGTCGT-1","Monocyte","Monocyte",0.114325142645172
"ACAAGAGACTTATC-1","T_cells","T_cells",0.0642680998106543
"ACAAGAGAGTTGAC-1","B_cell","B_cell",0.111420317710776
"ACAATCCTAACCGT-1","T_cells","T_cells",0.130869953590154
"ACAATCCTTAGCGT-1","B_cell","B_cell",0.179313770703274
"ACAATTGACTGACA-1","T_cells","T_cells",0.10656570676335
"ACAATTGATGACTG-1","NK_cell","NK_cell",0.0925280955277556
"ACACAGACCATACG-1","T_cells","T_cells",0.0604328351343588
"ACACCAGAGGGCAA-1","T_cells","T_cells",0.0819907815376791
"ACACCCTGGTGTTG-1","NK_cell","NK_cell",0.165799139963273
"ACACGAACAGTTCG-1","T_cells","T_cells",0.0938368716873314
"ACACGATGACGCAT-1","T_cells","T_cells",0.0956110624098392
"ACACGATGATGTGC-1","Monocyte","Monocyte",0.259437086715234
"ACACGATGTCGTAG-1","T_cells","T_cells",0.106367102315944
"ACACGATGTGGTCA-1","T_cells","T_cells",0.144766287815314
"ACAGACACGGCATT-1","T_cells","T_cells",0.147558436123236
"ACAGACACGTTGTG-1","T_cells","T_cells",0.0860088709182842
"ACAGCAACACCTAG-1","Monocyte","Monocyte",0.155813538489365
"ACAGCAACCTCAAG-1","Monocyte","Monocyte",0.097427843100635
"ACAGGTACCCCACT-1","T_cells","T_cells",0.259085741620575
"ACAGGTACGCTGTA-1","T_cells","T_cells",0.0648092520671286
"ACAGGTACTGGTGT-1","NK_cell","NK_cell",0.17027848931482
"ACAGTCGACCCAAA-1","T_cells","T_cells",0.0842602267110985
"ACAGTCGACCGATA-1","T_cells","T_cells",0.120809796926708
"ACAGTGACTCACCC-1","T_cells","T_cells",0.22272670449018
"ACAGTGACTCTATC-1","T_cells","T_cells",0.0568080285373166
"ACAGTGTGGTCACA-1","T_cells","T_cells",0.0603407061604807
"ACAGTGTGTTGCGA-1","Monocyte","Monocyte",0.068627531578174
"ACATCACTCTACTT-1","Monocyte","Monocyte",0.0754279706842245
"ACATGGTGAAGCCT-1","T_cells","T_cells",0.128208140507856
"ACATGGTGCAACCA-1","B_cell","B_cell",0.136169525476891
"ACATGGTGCGAGTT-1","Pre-B_cell_CD34-","Pre-B_cell_CD34-",0.0266903115036095
"ACATTCTGGCATAC-1","T_cells","T_cells",0.234552700188726
"ACATTCTGGGAACG-1","Monocyte","Monocyte",0.0265977350900999
"ACCAACGACATGCA-1","T_cells","T_cells",0.0806702914289161
"ACCACAGAAAGTAG-1","T_cells","T_cells",0.0556876949443026
"ACCACAGAGTTGGT-1","T_cells","T_cells",0.14157773030048
"ACCACCTGTGTGCA-1","T_cells","T_cells",0.137109769902207
"ACCACGCTACAGCT-1","T_cells","T_cells",0.187025872642222
"ACCACGCTACCCAA-1","T_cells","T_cells",0.0130688673947207
"ACCACGCTGCGAGA-1","T_cells","T_cells",0.0888776386484902
"ACCACGCTGCTGTA-1","T_cells","T_cells",0.0546645900552636
"ACCAGCCTGACAGG-1","T_cells","T_cells",0.331147846806765
"ACCAGTGAACGGTT-1","B_cell","B_cell",0.101367210144892
"ACCAGTGAATACCG-1","Monocyte","Monocyte",0.165579507826631
"ACCAGTGAGGGATG-1","T_cells","T_cells",0.114255932099875
"ACCAGTGATGACTG-1","Monocyte","Monocyte",0.192821519579518
"ACCATTACCTTCTA-1","T_cells","T_cells",0.0577833191007647
"ACCATTACGAGATA-1","T_cells","T_cells",0.129350975937094
"ACCATTTGTCATTC-1","T_cells","T_cells",0.116735029925983
"ACCCAAGAACTGTG-1","T_cells","T_cells",0.054636514463446
"ACCCAAGAATTCCT-1","Monocyte","Monocyte",0.167804254731355
"ACCCAAGAGGACAG-1","T_cells","T_cells",0.28189021447086
"ACCCAAGATTCACT-1","B_cell","B_cell",0.097205163094467
"ACCCACTGCGCCTT-1","Monocyte","Monocyte",0.100528301611308
"ACCCACTGGACAGG-1","T_cells","T_cells",0.0559382266232624
"ACCCACTGGTTCAG-1","Platelets","Platelets",0.116179007970282
"ACCCACTGTCGTAG-1","Monocyte","Monocyte",0.10473886527709
"ACCCAGCTCAGAAA-1","T_cells","T_cells",0.249743694258867
"ACCCAGCTGTTAGC-1","Pre-B_cell_CD34-","Pre-B_cell_CD34-",0.165951357492762
"ACCCAGCTTGCTTT-1","T_cells","T_cells",0.400799466067356
"ACCCGTTGATGACC-1","B_cell","B_cell",0.0674438784921083
"ACCCGTTGCTGCAA-1","T_cells","T_cells",0.0671795090761438
"ACCCGTTGCTTCTA-1","T_cells","T_cells",0.047000578948951
"ACCCTCGACCTATT-1","T_cells","T_cells",0.165132215633733
"ACCCTCGACGGTAT-1","B_cell","B_cell",0.232903659439067
"ACCCTCGATAAGGA-1","Monocyte","Monocyte",0.0918613514932117
"ACCCTCGATCAAGC-1","Monocyte","Monocyte",0.116930225583205
"ACCGTGCTACCAGT-1","T_cells","T_cells",0.238288922543783
"ACCGTGCTGGAACG-1","B_cell","B_cell",0.390589524799013
"ACCTATTGCTGAGT-1","B_cell","B_cell",0.28565179129539
"ACCTATTGTGCCCT-1","Monocyte","Monocyte",0.0942439061282712
"ACCTCCGAGTCCTC-1","T_cells","T_cells",0.258932641272358
"ACCTCCGATATGCG-1","T_cells","T_cells",0.116545358216442
"ACCTCCGATGCTGA-1","T_cells","T_cells",0.0870760232843932
"ACCTCGTGAACCAC-1","T_cells","T_cells",0.0952278604377087
"ACCTGAGATATCGG-1","Monocyte","Monocyte",0.0217968600918638
"ACCTGGCTAAGTAG-1","NK_cell","NK_cell",0.17306511221781
"ACCTTTGACTCCCA-1","Monocyte","Monocyte",0.0513324880963656
"ACCTTTGAGGAACG-1","Monocyte","Monocyte",0.0916797235994011
"ACCTTTGAGGAAGC-1","Monocyte","Monocyte",0.0932411211700395
"ACGAACACCTTGTT-1","NK_cell","NK_cell",0.0746534980341024
"ACGAACTGGCTATG-1","Platelets","Platelets",0.111663753918912
"ACGAAGCTCTCCAC-1","T_cells",NA,0.0703782599206666
"ACGAAGCTCTGAGT-1","B_cell","B_cell",0.0505855456879584
"ACGACCCTATCTCT-1","Monocyte","Monocyte",0.293000530050208
"ACGACCCTGATGAA-1","T_cells","T_cells",0.089139434523644
"ACGACCCTTGACAC-1","B_cell","B_cell",0.0883981262510848
"ACGACCCTTGACCA-1","T_cells","T_cells",0.123468708216024
"ACGAGGGACAGGAG-1","Monocyte","Monocyte",0.100745807229765
"ACGAGGGACGAACT-1","T_cells","T_cells",0.272922518201362
"ACGAGGGATGTAGC-1","T_cells","T_cells",0.0530790319545244
"ACGAGTACCCTAAG-1","B_cell","B_cell",0.417574345619473
"ACGAGTACGAATCC-1","T_cells","T_cells",0.0654708176976112
"ACGATCGAGGACTT-1","NK_cell","NK_cell",0.0992548017128475
"ACGATCGAGTCACA-1","Monocyte","Monocyte",0.0725811997746636
"ACGATGACAATGCC-1","T_cells","T_cells",0.155325518071811
"ACGATGACTGGTCA-1","T_cells","T_cells",0.0780873060530504
"ACGATTCTACGGGA-1","T_cells","T_cells",0.0815932992255664
"ACGCAATGGTTCAG-1","NK_cell","NK_cell",0.0628137064958093
"ACGCACCTGTTAGC-1","B_cell","B_cell",0.535015431738412
"ACGCCACTGAACTC-1","Monocyte","Monocyte",0.0710892587939931
"ACGCCGGAAACCAC-1","Monocyte","Monocyte",0.12226976956471
"ACGCCGGAAAGCCT-1","T_cells","T_cells",0.263692099519703
"ACGCCGGAAATGCC-1","T_cells","T_cells",0.0546006859817056
"ACGCCTTGCTCCCA-1","Monocyte","Monocyte",0.088249876342262
"ACGCGGTGGCGAGA-1","T_cells","T_cells",0.211401899068114
"ACGCGGTGTGTGGT-1","B_cell","B_cell",0.11704578815748
"ACGCGGTGTTTGCT-1","T_cells","T_cells",0.0530090755037241
"ACGCTCACAGTACC-1","T_cells","T_cells",0.132407328765083
"ACGCTCACCCTTGC-1","T_cells","T_cells",0.166440361731112
"ACGCTGCTGTTCTT-1","NK_cell","NK_cell",0.131351985783648
"ACGGAACTCAGATC-1","NK_cell","NK_cell",0.144976765300994
"ACGGAACTGTCGTA-1","Monocyte","Monocyte",0.144870608487872
"ACGGAGGACTCTTA-1","Monocyte","Monocyte",0.0701641622192857
"ACGGATTGGGAGGT-1","B_cell","B_cell",0.0799257780780413
"ACGGATTGGTTAGC-1","T_cells","T_cells",0.174659497961742
"ACGGCTCTGAGCAG-1","T_cells","T_cells",0.085645048820691
"ACGGCTCTTGCACA-1","T_cells","T_cells",0.0866113503000012
"ACGGTAACCGCTAA-1","T_cells","T_cells",0.0914668159045322
"ACGGTAACCTTCGC-1","T_cells","T_cells",0.0832692175862411
"ACGGTAACGGTGGA-1","T_cells",NA,0.0501993570119904
"ACGGTAACTCGCAA-1","T_cells","T_cells",0.00947738504887441
"ACGGTATGAGTCGT-1","Monocyte","Monocyte",0.0583622541310081
"ACGGTATGGGTATC-1","B_cell","B_cell",0.0574231575329781
"ACGGTATGGTTGTG-1","B_cell","B_cell",0.089984364877063
"ACGGTCCTAACGGG-1","T_cells","T_cells",0.149446659695216
"ACGGTCCTCGGGAA-1","T_cells","T_cells",0.0728052686453459
"ACGTAGACAACCAC-1","T_cells","T_cells",0.143916763725042
"ACGTAGACTACAGC-1","B_cell","B_cell",0.282341723327614
"ACGTCAGAAACGAA-1","T_cells","T_cells",0.100546393455103
"ACGTCAGAGAGCTT-1","Monocyte","Monocyte",0.0525226375846192
"ACGTCAGAGGGATG-1","T_cells","T_cells",0.0605690540850276
"ACGTCCTGATAAGG-1","Pre-B_cell_CD34-","Pre-B_cell_CD34-",0.0436694839283536
"ACGTCCTGTGAACC-1","Monocyte","Monocyte",0.31189574351438
"ACGTCGCTCCTGAA-1","NK_cell","NK_cell",0.103937527771538
"ACGTCGCTCTATTC-1","Monocyte","Monocyte",0.122954278577459
"ACGTCGCTTCTCAT-1","B_cell","B_cell",0.179065181434369
"ACGTGATGCCATGA-1","Monocyte","Monocyte",0.125898644811779
"ACGTGATGGGTCTA-1","T_cells","T_cells",0.533285655054506
"ACGTGATGTAACCG-1","Monocyte","Monocyte",0.128940295679401
"ACGTGATGTGACAC-1","NK_cell","NK_cell",0.0855243992091856
"ACGTGCCTCCGTAA-1","T_cells","T_cells",0.395772037670408
"ACGTGCCTTCTATC-1","T_cells","T_cells",0.0603261202579765
"ACGTTACTTTCCAT-1","T_cells","T_cells",0.0594847734637712
"ACGTTGGAAAAGCA-1","T_cells","T_cells",0.167296118246661
"ACGTTGGAAACCTG-1","T_cells","T_cells",0.0670138552983499
"ACGTTGGACCGTAA-1","Monocyte","Monocyte",0.100293534617284
"ACGTTGGAGCCAAT-1","NK_cell","NK_cell",0.084309712701434
"ACGTTGGATATGGC-1","B_cell","B_cell",0.0961992831771953
"ACGTTGGATCAGGT-1","Monocyte","Monocyte",0.0449247313443956
"ACGTTTACATCAGC-1","T_cells","T_cells",0.262344265002472
"ACTAAAACCCACAA-1","T_cells","T_cells",0.191561423067643
"ACTAAAACTCGACA-1","Monocyte","Monocyte",0.0532842297684585
"ACTACGGAATTTCC-1","T_cells","T_cells",0.146403366303921
"ACTACGGACCTATT-1","T_cells","T_cells",0.12908386101968
"ACTACGGATCGCTC-1","T_cells","T_cells",0.156631263951377
"ACTACTACTAAGGA-1","T_cells","T_cells",0.0627696231542776
"ACTAGGTGGAACCT-1","T_cells","T_cells",0.129506087558628
"ACTAGGTGGAACTC-1","T_cells","T_cells",0.181896202933694
"ACTATCACCTTGGA-1","T_cells","T_cells",0.121131767192285
"ACTATCACTGCCAA-1","T_cells","T_cells",0.110281747199865
"ACTCAGGACTGAAC-1","T_cells","T_cells",0.225351331838999
"ACTCAGGATCTATC-1","B_cell","B_cell",0.22272772718349
"ACTCAGGATTCGTT-1","Pre-B_cell_CD34-","Pre-B_cell_CD34-",0.0575648817124136
"ACTCCTCTCAACTG-1","T_cells","T_cells",0.17931906563584
"ACTCGCACGAAAGT-1","Monocyte","Monocyte",0.0750671729515333
"ACTCGCACTACGAC-1","Monocyte","Monocyte",0.0615366320707079
"ACTCTCCTGACACT-1","T_cells","T_cells",0.0739616927808258
"ACTCTCCTGCATAC-1","CMP","CMP",0.087356114021902
"ACTCTCCTGTTTGG-1","T_cells","T_cells",0.148512138705216
"ACTGAGACAACCAC-1","T_cells","T_cells",0.152052996827508
"ACTGAGACCCATAG-1","Monocyte","Monocyte",0.0717663756511548
"ACTGAGACGTTGGT-1","B_cell","B_cell",0.415956763123137
"ACTGCCACACACGT-1","T_cells","T_cells",0.121769447873624
"ACTGCCACTCCGTC-1","NK_cell","NK_cell",0.148501052979223
"ACTGGCCTTCAGTG-1","NK_cell","NK_cell",0.157695739095315
"ACTGTGGACGTGTA-1","T_cells","T_cells",0.0460721567737999
"ACTGTGGATCTAGG-1","B_cell","B_cell",0.131317574563017
"ACTGTTACCCACAA-1","Pre-B_cell_CD34-","Pre-B_cell_CD34-",0.0183143247705758
"ACTGTTACTGCAGT-1","T_cells","T_cells",0.101071115939761
"ACTTAAGAACCACA-1","T_cells","T_cells",0.183206489645522
"ACTTAAGATTACTC-1","Monocyte","Monocyte",0.11536090209788
"ACTTAGCTGCGTAT-1","Monocyte","Monocyte",0.0849089386246439
"ACTTAGCTGGGAGT-1","T_cells","T_cells",0.298852772400198
"ACTTCAACAAGCAA-1","NK_cell","NK_cell",0.00691455048998479
"ACTTCAACGTAGGG-1","NK_cell","NK_cell",0.0778508154620509
"ACTTCCCTTTCCGC-1","T_cells","T_cells",0.0941584014452726
"ACTTCTGACATGCA-1","B_cell","B_cell",0.501765066741549
"ACTTGACTCCACAA-1","B_cell","B_cell",0.0546098201436874
"ACTTGGGAGAAAGT-1","Monocyte","Monocyte",0.105621320039634
"ACTTGGGAGGTTTG-1","T_cells","T_cells",0.0645749646015258
"ACTTGGGATGTGAC-1","Monocyte","Monocyte",0.0742375005406374
"ACTTGGGATTGACG-1","Monocyte","Monocyte",0.0518989263014183
"ACTTGTACCTGTCC-1","T_cells","T_cells",0.135461836747168
"ACTTTGTGGAAAGT-1","T_cells","T_cells",0.0921780447366612
"ACTTTGTGGATAGA-1","Monocyte","Monocyte",0.178795190147087
"AGAAACGAAAGTAG-1","B_cell","B_cell",0.058634769932982
"AGAAAGTGCGCAAT-1","T_cells","T_cells",0.142025281626779
"AGAAAGTGGGGATG-1","Monocyte","Monocyte",0.0123232462383778
"AGAACAGAAATGCC-1","NK_cell","NK_cell",0.0739675479080351
"AGAACAGACGACTA-1","B_cell","B_cell",0.126908842217451
"AGAACAGAGACAAA-1","T_cells","T_cells",0.114653663563904
"AGAACGCTTTGCTT-1","T_cells","T_cells",0.209085381599211
"AGAAGATGTGACTG-1","T_cells","T_cells",0.174073399446201
"AGAATGGAAGAAGT-1","T_cells","T_cells",0.181812904415515
"AGAATTTGTAACCG-1","T_cells","T_cells",0.558816470971817
"AGAATTTGTAGAGA-1","T_cells","T_cells",0.0919699679542911
"AGACACACTGTAGC-1","T_cells","T_cells",0.211051945644479
"AGACACTGTCAAGC-1","Monocyte","Monocyte",0.0869294866503248
"AGACCTGAAGTAGA-1","Monocyte","Monocyte",0.118531185008479
"AGACCTGACCAACA-1","T_cells","T_cells",0.494146588505804
"AGACCTGAGGAAGC-1","T_cells","T_cells",0.0988623792219823
"AGACGTACAGAGGC-1","T_cells","T_cells",0.115990722270995
"AGACGTACCCCTAC-1","B_cell","B_cell",0.387223551912692
"AGACGTACCTCTTA-1","Monocyte","Monocyte",0.0524684795437259
"AGACGTACTCGTGA-1","Monocyte","Monocyte",0.136657710379042
"AGACTGACCATCAG-1","T_cells","T_cells",0.0760035908815968
"AGACTGACCCTTTA-1","T_cells","T_cells",0.0989188842706705
"AGACTTCTCATGCA-1","B_cell","B_cell",0.0567693520940583
"AGAGATGACAGTCA-1","B_cell","B_cell",0.0549499490743629
"AGAGATGACTGAAC-1","T_cells","T_cells",0.0775069584989621
"AGAGATGAGGTTTG-1","Monocyte","Monocyte",0.075230475843499
"AGAGATGATCTCGC-1","B_cell","B_cell",0.218672245638866
"AGAGATGATTGTGG-1","T_cells","T_cells",0.104149181655756
"AGAGCGGAGGCAAG-1","Monocyte","Monocyte",0.314787984086254
"AGAGTCTGGTCGTA-1","Monocyte","Monocyte",0.0897953107794957
"AGAGTGCTCAGCTA-1","T_cells","T_cells",0.210599182597617
"AGAGTGCTCGAATC-1","T_cells","T_cells",0.156068706183948
"AGAGTGCTGTCATG-1","T_cells","T_cells",0.362820669948892
"AGAGTGCTGTCCTC-1","T_cells","T_cells",0.0437317672905506
"AGAGTGCTGTGTTG-1","B_cell","B_cell",0.320421359891283
"AGATATACCCGTAA-1","NK_cell","NK_cell",0.0997516364200311
"AGATATACGATGAA-1","T_cells","T_cells",0.135984904325725
"AGATATACTGTTCT-1","B_cell","B_cell",0.508423663521604
"AGATATTGCCTACC-1","T_cells","T_cells",0.0662247293138793
"AGATATTGGCCAAT-1","Monocyte","Monocyte",0.255649784054062
"AGATCGTGTCTGGA-1","Monocyte","Monocyte",0.231561806643387
"AGATCGTGTTTGTC-1","B_cell","B_cell",0.213919892590098
"AGATCTCTATCACG-1","B_cell","B_cell",0.17405405119045
"AGATTAACGTTCTT-1","Monocyte","Monocyte",0.108537525291016
"AGATTCCTATCGTG-1","T_cells","T_cells",0.111970871981956
"AGATTCCTCACTTT-1","Monocyte","Monocyte",0.0570432219758922
"AGATTCCTGACGAG-1","Monocyte","Monocyte",0.0923113382617032
"AGATTCCTGTTCAG-1","NK_cell","NK_cell",0.152395664401129
"AGCAAAGATATGCG-1","T_cells","T_cells",0.18270928477026
"AGCACAACAGTCTG-1","T_cells","T_cells",0.133239907232313
"AGCACTGAGGGAGT-1","T_cells","T_cells",0.249458187847023
"AGCACTGATATGCG-1","T_cells","T_cells",0.116143481535878
"AGCACTGATGCTTT-1","Monocyte","Monocyte",0.0581377436687269
"AGCACTGATTGCGA-1","T_cells","T_cells",0.11125127098357
"AGCATCGAAGATCC-1","T_cells","T_cells",0.0759446608469714
"AGCATCGAAGGGTG-1","B_cell","B_cell",0.263608094186647
"AGCATCGAGCTTCC-1","Monocyte","Monocyte",0.0798722334347834
"AGCATCGAGTGAGG-1","T_cells","T_cells",0.356535240818847
"AGCATCGATAACCG-1","Monocyte","Monocyte",0.0910630371601233
"AGCATGACGATGAA-1","T_cells","T_cells",0.0786114960057178
"AGCCAATGGGGAGT-1","Monocyte","Monocyte",0.0471669508132417
"AGCCAATGTATCTC-1","T_cells","T_cells",0.138416092936636
"AGCCACCTGGATCT-1","T_cells","T_cells",0.0936871153059304
"AGCCGGTGCCAATG-1","T_cells","T_cells",0.0992705179478721
"AGCCGGTGTGTTTC-1","T_cells","T_cells",0.179124846972462
"AGCCGTCTCAATCG-1","T_cells","T_cells",0.192742274834787
"AGCCGTCTGAGAGC-1","T_cells","T_cells",0.135444232492457
"AGCCTCACGTTCGA-1","T_cells","T_cells",0.0581014915275809
"AGCCTCACTGTCAG-1","Monocyte","Monocyte",0.157652725281968
"AGCCTCTGCAGTTG-1","B_cell","B_cell",0.0991661977597048
"AGCCTCTGCCAATG-1","NK_cell","NK_cell",0.0678283444251954
"AGCGAACTGGATCT-1","T_cells","T_cells",0.0807902205694271
"AGCGAACTTACTGG-1","T_cells","T_cells",0.170543260783628
"AGCGATACGGAGCA-1","T_cells","T_cells",0.0777144287021766
"AGCGATTGAGATCC-1","NK_cell","NK_cell",0.0966765057169582
"AGCGCCGAATCTCT-1","T_cells","T_cells",0.059784336040006
"AGCGCCGACAGAGG-1","T_cells","T_cells",0.249624899395112
"AGCGCTCTACCTTT-1","T_cells","T_cells",0.22680500022513
"AGCGGCACCGGGAA-1","T_cells","T_cells",0.153247046657367
"AGCGGCTGATGTGC-1","T_cells","T_cells",0.403281331353905
"AGCGGGCTTGCCAA-1","T_cells","T_cells",0.0725931200334521
"AGCGTAACATGCTG-1","T_cells","T_cells",0.137118810794008
"AGCGTAACTGAGAA-1","Monocyte","Monocyte",0.0525257054623705
"AGCTCGCTACTGGT-1","T_cells","T_cells",0.573697152378214
"AGCTCGCTCTGCTC-1","T_cells","T_cells",0.276478622004987
"AGCTGAACCATACG-1","Monocyte","Monocyte",0.0546926922001065
"AGCTGAACCTCTCG-1","T_cells","T_cells",0.0542312791548498
"AGCTGCCTTGGGAG-1","Pre-B_cell_CD34-","Pre-B_cell_CD34-",0.0544026236377185
"AGCTGCCTTTCATC-1","T_cells","T_cells",0.265970757914565
"AGCTGCCTTTCTGT-1","T_cells","T_cells",0.176787738170657
"AGCTGTGATCCAAG-1","T_cells","T_cells",0.271994762767459
"AGCTTTACAAGTAG-1","T_cells","T_cells",0.450073938014514
"AGCTTTACACCAAC-1","T_cells","T_cells",0.0483620741574137
"AGCTTTACTCTCAT-1","B_cell","B_cell",0.0815275157972613
"AGGAAATGAGGAGC-1","T_cells","T_cells",0.1873561348544
"AGGAACCTCTTAGG-1","Monocyte","Monocyte",0.0521669296661849
"AGGAACCTTGCCTC-1","T_cells","T_cells",0.184154835433378
"AGGAATGATAACGC-1","T_cells","T_cells",0.275210610984845
"AGGAATGATTTGTC-1","T_cells","T_cells",0.0918693710248769
"AGGAGTCTGGTTTG-1","T_cells","T_cells",0.0972097179226664
"AGGAGTCTTGTCAG-1","T_cells","T_cells",0.133671268434383
"AGGATAGACATTTC-1","T_cells","T_cells",0.153851233433143
"AGGATAGAGGATTC-1","NK_cell","NK_cell",0.0444302000166299
"AGGATGCTACTAGC-1","B_cell","B_cell",0.286920150449985
"AGGATGCTTTAGGC-1","NK_cell","NK_cell",0.112566331639046
"AGGCAACTGAAGGC-1","T_cells","T_cells",0.0816200644445197
"AGGCAGGAGTACCA-1","T_cells","T_cells",0.021198572948508
"AGGCCTCTAGTCGT-1","T_cells","T_cells",0.166053734352902
"AGGCCTCTCGGAGA-1","T_cells","T_cells",0.232963599546168
"AGGCCTCTCGTAAC-1","T_cells","T_cells",0.0624416606543232
"AGGGACGACGTTGA-1","T_cells","T_cells",0.144372437215205
"AGGGACGAGTCAAC-1","NK_cell","NK_cell",0.177880120196479
"AGGGACGAGTTGTG-1","T_cells","T_cells",0.0865351409446249
"AGGGACGATAGAGA-1","T_cells","T_cells",0.0795613048923762
"AGGGACGATGCATG-1","T_cells","T_cells",0.0838554119675141
"AGGGAGTGAGCCTA-1","T_cells","T_cells",0.051672053611576
"AGGGCCACCATACG-1","T_cells","T_cells",0.263625601832831
"AGGGCGCTAACCAC-1","Pre-B_cell_CD34-","Pre-B_cell_CD34-",0.0104347158403165
"AGGGCGCTATGGTC-1","T_cells","T_cells",0.0771572675959355
"AGGGTGGACAGTCA-1","B_cell","B_cell",0.252411889151004
"AGGGTGGACTCAAG-1","Monocyte","Monocyte",0.168237345620724
"AGGGTGGAGTTGCA-1","T_cells","T_cells",0.127438010767023
"AGGGTTTGTTCATC-1","Monocyte","Monocyte",0.110727106454686
"AGGTCATGAGTGTC-1","B_cell","B_cell",0.0337198188201394
"AGGTCATGCTTATC-1","T_cells","T_cells",0.0344662898957052
"AGGTCTGATTCTCA-1","Monocyte","Monocyte",0.0578343588143511
"AGGTGGGAAGAATG-1","T_cells","T_cells",0.225628372394953
"AGGTGGGAAGTTCG-1","T_cells","T_cells",0.190472159700666
"AGGTGTTGGTTACG-1","B_cell","B_cell",0.489647669119478
"AGGTTCGAACCTCC-1","Monocyte","Monocyte",0.058230641342782
"AGGTTCGAACGTAC-1","Monocyte","Monocyte",0.137359110510704
"AGGTTCGAGGGTGA-1","T_cells",NA,0.083569981880971
"AGTAAGGAGTTTGG-1","T_cells","T_cells",0.0999031038328621
"AGTAAGGATTCTTG-1","T_cells","T_cells",0.0738641771975376
"AGTAATACATCACG-1","Pre-B_cell_CD34-","Pre-B_cell_CD34-",0.0993436275393556
"AGTAATACCGAACT-1","B_cell","B_cell",0.224071573992529
"AGTAATTGTCCCAC-1","T_cells","T_cells",0.122482278419872
"AGTACGTGAGGGTG-1","T_cells","T_cells",0.11862758384379
"AGTACGTGCTGCAA-1","T_cells","T_cells",0.193687734970008
"AGTACGTGCTTGGA-1","T_cells","T_cells",0.220363512296938
"AGTACTCTACGTGT-1","B_cell","B_cell",0.4490051601361
"AGTACTCTCAACCA-1","T_cells","T_cells",0.0734381993111473
"AGTACTCTCGGTAT-1","T_cells","T_cells",0.0592903976959499
"AGTAGGCTTGCCTC-1","Monocyte","Monocyte",0.0613953741333586
"AGTATAACTTGTCT-1","Monocyte","Monocyte",0.028831786341361
"AGTATCCTAGAACA-1","T_cells","T_cells",0.106595999706143
"AGTCACGATGAGCT-1","NK_cell","NK_cell",0.0512051869368831
"AGTCAGACGAATAG-1","T_cells","T_cells",0.115805627704937
"AGTCAGACGCTTAG-1","T_cells","T_cells",0.0864340501056558
"AGTCAGACTAGAGA-1","T_cells","T_cells",0.0914307114381545
"AGTCAGACTGCACA-1","T_cells","T_cells",0.145522530215725
"AGTCCAGATATCTC-1","T_cells","T_cells",0.0866688314889961
"AGTCCAGATTTCAC-1","T_cells","T_cells",0.231428231954717
"AGTCGAACCAACCA-1","T_cells","T_cells",0.11812281121159
"AGTCGCCTCCGTAA-1","T_cells","T_cells",0.120505676906518
"AGTCTACTAGGGTG-1","Monocyte","Monocyte",0.0381244069130604
"AGTCTACTTGCATG-1","Monocyte","Monocyte",0.366210876623418
"AGTCTTACACCACA-1","T_cells","T_cells",0.0816380745538386
"AGTCTTACTTCGCC-1","T_cells","T_cells",0.0406160375708655
"AGTCTTACTTCGGA-1","Platelets","Platelets",0.0728049107748285
"AGTGACTGCAACTG-1","Monocyte","Monocyte",0.152296814972062
"AGTGTTCTAACCTG-1","T_cells","T_cells",0.0903477343180648
"AGTGTTCTATAAGG-1","T_cells","T_cells",0.0575655826524091
"AGTGTTCTCACTTT-1","Monocyte","Monocyte",0.0615869604975028
"AGTTAAACCACTTT-1","T_cells","T_cells",0.186081869791684
"AGTTATGAACAGTC-1","Monocyte","Monocyte",0.0862470658660215
"AGTTATGACTGAGT-1","T_cells","T_cells",0.178658906323909
"AGTTATGAGTTCAG-1","T_cells","T_cells",0.135863924401652
"AGTTCTACCAGCTA-1","Monocyte","Monocyte",0.121730104521689
"AGTTCTTGAAGCCT-1","T_cells","T_cells",0.101297071188777
"AGTTGTCTACTACG-1","T_cells","T_cells",0.239433052290188
"AGTTTAGATGGTCA-1","T_cells","T_cells",0.081351064537742
"AGTTTCACGGTCTA-1","T_cells","T_cells",0.0898689026512733
"AGTTTGCTACAGTC-1","T_cells","T_cells",0.0899756235046145
"AGTTTGCTACTGGT-1","NK_cell","NK_cell",0.126392398523762
"AGTTTGCTCCAAGT-1","T_cells","T_cells",0.148001684858366
"ATAAACACAGTGCT-1","B_cell","B_cell",0.509430186459528
"ATAAACACCACCAA-1","T_cells","T_cells",0.440713592478418
"ATAACAACATGCTG-1","Monocyte","Monocyte",0.149481706924416
"ATAACAACGTCTAG-1","T_cells","T_cells",0.0958702738523376
"ATAACAACTTTGTC-1","T_cells","T_cells",0.399492511591086
"ATAACATGTACTCT-1","T_cells","T_cells",0.133648490985028
"ATAACCCTGTTGGT-1","T_cells","T_cells",0.106983535295126
"ATAACCCTTGGTAC-1","T_cells","T_cells",0.0792617196661279
"ATAAGTACGAATGA-1","B_cell","B_cell",0.257753994811836
"ATAAGTTGGTACGT-1","Pre-B_cell_CD34-","Pre-B_cell_CD34-",0.0486044879296084
"ATAAGTTGTCTAGG-1","T_cells","T_cells",0.131314559632925
"ATAATCGAGCTGAT-1","B_cell","B_cell",0.153056099691504
"ATAATCGATGGTTG-1","T_cells","T_cells",0.0752023075624168
"ATAATGACCTACTT-1","T_cells","T_cells",0.112594568312668
"ATAATGACTCGTGA-1","Monocyte","Monocyte",0.0516559770666449
"ATACAATGTTAGGC-1","T_cells","T_cells",0.432325024489533
"ATACCACTCGTACA-1","Monocyte","Monocyte",0.0668710419494978
"ATACCACTCTAAGC-1","Monocyte","Monocyte",0.0763968573438483
"ATACCACTGCCAAT-1","NK_cell","NK_cell",0.056678214977599
"ATACCGGAATGCTG-1","Monocyte","Monocyte",0.114500792293524
"ATACCGGACATTTC-1","Monocyte","Monocyte",0.104345977745564
"ATACCGGACTTCGC-1","T_cells","T_cells",0.168159440925315
"ATACCGGAGGTGTT-1","Monocyte","Monocyte",0.0624826218648402
"ATACCGGATCTCGC-1","T_cells","T_cells",0.0761757265393448
"ATACCTACGCATCA-1","T_cells","T_cells",0.0535793268613157
"ATACCTTGGGGCAA-1","T_cells","T_cells",0.121681777867513
"ATACGGACAGACTC-1","Monocyte","Monocyte",0.0657439019343324
"ATACGGACCTACTT-1","Monocyte","Monocyte",0.102954844861902
"ATACGGACGAGGTG-1","B_cell","B_cell",0.0574660159148385
"ATACGGACTATGCG-1","B_cell","B_cell",0.13932416599499
"ATACGGACTCTGGA-1","Monocyte","Monocyte",0.1215315545589
"ATACGTCTTAACGC-1","Monocyte","Monocyte",0.132923255319607
"ATACTCTGCTTCGC-1","Monocyte","Monocyte",0.133205417325011
"ATACTCTGGTATGC-1","NK_cell","NK_cell",0.0713456306166492
"ATAGATACCATGGT-1","T_cells","T_cells",0.0515011978572005
"ATAGATACGACGAG-1","T_cells","T_cells",0.0956923177662528
"ATAGATTGGTGTAC-1","B_cell","B_cell",0.255213279560688
"ATAGCCGAACGGAG-1","T_cells","T_cells",0.144939510594259
"ATAGCGTGCAGATC-1","T_cells","T_cells",0.141339726631792
"ATAGCGTGCCCTTG-1","Monocyte","Monocyte",0.0781264651781605
"ATAGCGTGGTATCG-1","Pre-B_cell_CD34-","Pre-B_cell_CD34-",0.00758121946367687
"ATAGCGTGTCTCTA-1","T_cells","T_cells",0.105081835556145
"ATAGCTCTCTGATG-1","T_cells","T_cells",0.104288212319479
"ATAGCTCTGAGGTG-1","T_cells","T_cells",0.115629738935266
"ATAGGAGAAACAGA-1","Monocyte","Monocyte",0.196595702188996
"ATAGGCTGTCAGAC-1","T_cells","T_cells",0.180874222791647
"ATAGTCCTAGTGTC-1","Monocyte","Monocyte",0.0607687350911204
"ATAGTCCTTGCATG-1","T_cells","T_cells",0.0759541623100224
"ATAGTCCTTGTCGA-1","T_cells","T_cells",0.227427128009917
"ATAGTTGACAACTG-1","T_cells","T_cells",0.202726141679647
"ATAGTTGACCCTCA-1","Monocyte","Monocyte",0.03758950080431
"ATAGTTGAGACGTT-1","T_cells","T_cells",0.108957443048333
"ATAGTTGATAAGCC-1","T_cells","T_cells",0.0544274270930983
"ATATACGAAGCCAT-1","T_cells","T_cells",0.261566368516892
"ATATACGAATTGGC-1","T_cells","T_cells",0.471857498425812
"ATATAGTGGAATGA-1","Monocyte","Monocyte",0.0835888580387633
"ATATGCCTAGATCC-1","Monocyte","Monocyte",0.0780752650707376
"ATATGCCTGGACAG-1","T_cells","T_cells",0.233750282657916
"ATATGCCTTCTCTA-1","T_cells","T_cells",0.070193704461902
"ATATGCCTTGGTAC-1","T_cells","T_cells",0.0527243398895088
"ATCAAATGAGCCTA-1","Pre-B_cell_CD34-","Pre-B_cell_CD34-",0.00882576139363286
"ATCAAATGGGTAAA-1","Monocyte","Monocyte",0.0646707487175487
"ATCAACCTAAACGA-1","T_cells","T_cells",0.185674233483275
"ATCAACCTGAGGAC-1","T_cells","T_cells",0.231531440032303
"ATCAACCTTCTCTA-1","T_cells","T_cells",0.0553246883969743
"ATCAACCTTTGTCT-1","T_cells","T_cells",0.143857539128782
"ATCACACTTTGTCT-1","T_cells","T_cells",0.352617536130788
"ATCACGGATTTCGT-1","B_cell","B_cell",0.240157659833697
"ATCATCTGACACCA-1","Platelets","Platelets",0.0783928107026762
"ATCATGCTAGAGTA-1","NK_cell",NA,0.0399581731473312
"ATCATGCTGAACCT-1","B_cell","B_cell",0.0572107602271944
"ATCCAGGACGCTAA-1","Monocyte","Monocyte",0.0834317872448167
"ATCCAGGATGGAAA-1","T_cells","T_cells",0.24440141135337
"ATCCATACTCCTTA-1","Monocyte","Monocyte",0.158788906505049
"ATCCATACTTCATC-1","Monocyte","Monocyte",0.102780473972891
"ATCCCGTGCAGTCA-1","NK_cell","NK_cell",0.107384427243705
"ATCCCGTGCATGCA-1","B_cell","B_cell",0.0809764059798672
"ATCCCGTGGCTGAT-1","B_cell","B_cell",0.279420063416818
"ATCCGCACGCATCA-1","B_cell","B_cell",0.18647302626169
"ATCCTAACGACGGA-1","B_cell","B_cell",0.0992320697332829
"ATCCTAACGCTACA-1","T_cells","T_cells",0.0542691283594448
"ATCGACGAAACTGC-1","Monocyte","Monocyte",0.103726061705865
"ATCGACGAATGACC-1","T_cells","T_cells",0.199874769311067
"ATCGAGTGGACGTT-1","T_cells","T_cells",0.0697784111169319
"ATCGCAGAATCTCT-1","Monocyte","Monocyte",0.0892782517084352
"ATCGCAGAGTGTCA-1","B_cell","B_cell",0.22232078105239
"ATCGCCACTGAGGG-1","T_cells","T_cells",0.115274752399965
"ATCGCCTGGGTCAT-1","T_cells","T_cells",0.106752074192583
"ATCGCCTGTGGCAT-1","B_cell","B_cell",0.193920491237553
"ATCGCGCTCAGAGG-1","Monocyte","Monocyte",0.0795732325312618
"ATCGCGCTGGGATG-1","T_cells","T_cells",0.201227212281974
"ATCGCGCTTTTCGT-1","B_cell","B_cell",0.0713261413148541
"ATCGGAACCAGTCA-1","Pre-B_cell_CD34-","Pre-B_cell_CD34-",0.00378560982816678
"ATCGGTGAGTCAAC-1","NK_cell",NA,0.016989170204025
"ATCGGTGATTGCAG-1","T_cells","T_cells",0.116089734732166
"ATCGTTTGCCTACC-1","Monocyte","Monocyte",0.211523895283533
"ATCGTTTGGGTACT-1","Monocyte","Monocyte",0.0999071253213314
"ATCGTTTGTGCCAA-1","Monocyte","Monocyte",0.181824094508443
"ATCTACACCCGCTT-1","Monocyte","Monocyte",0.136509770206249
"ATCTACACCGGGAA-1","T_cells","T_cells",0.241571957730354
"ATCTCAACAGGAGC-1","B_cell","B_cell",0.134102026452957
"ATCTCAACCTCGAA-1","T_cells",NA,0.100850286966483
"ATCTCAACCTTGTT-1","Monocyte","Monocyte",0.0618298885799872
"ATCTGGGAAACCAC-1","Monocyte","Monocyte",0.0798168315534524
"ATCTGGGAAGTGTC-1","Monocyte","Monocyte",0.206912606230703
"ATCTGGGATTCCGC-1","NK_cell","NK_cell",0.0418299893175622
"ATCTGTTGAACGGG-1","T_cells","T_cells",0.147256875472342
"ATCTGTTGACCTCC-1","T_cells","T_cells",0.505039256012079
"ATCTGTTGCCTTCG-1","Monocyte","Monocyte",0.0858955565355074
"ATCTGTTGGTTGCA-1","T_cells","T_cells",0.129141243307414
"ATCTTGACACCAAC-1","T_cells","T_cells",0.28265544088043
"ATCTTGACCTCCCA-1","Monocyte","Monocyte",0.063127708416413
"ATCTTTCTGCATCA-1","NK_cell",NA,0.0178900674850512
"ATCTTTCTGTTTCT-1","T_cells","T_cells",0.0885236701037662
"ATCTTTCTTGTCCC-1","NK_cell","NK_cell",0.186993401648511
"ATGAAACTCTGTGA-1","T_cells","T_cells",0.224128197905044
"ATGAAACTGAGGCA-1","T_cells","T_cells",0.0941168945744291
"ATGAAGGAACAGCT-1","T_cells","T_cells",0.059002524366453
"ATGAAGGACCTGTC-1","B_cell","B_cell",0.130473153373647
"ATGAAGGACCTTAT-1","B_cell","B_cell",0.10025087987456
"ATGAAGGACTAGTG-1","B_cell","B_cell",0.0506619678615093
"ATGAAGGACTTGCC-1","NK_cell","NK_cell",0.0768430333732172
"ATGACGTGACGACT-1","B_cell","B_cell",0.103512479592236
"ATGACGTGATCGGT-1","Monocyte","Monocyte",0.301517404351752
"ATGAGAGAAAGTGA-1","T_cells","T_cells",0.177569160399114
"ATGAGAGAACGCAT-1","T_cells","T_cells",0.110111305291514
"ATGAGAGAAGTAGA-1","B_cell","B_cell",0.195620867689266
"ATGAGCACACAGCT-1","T_cells","T_cells",0.378220017727711
"ATGAGCACATCTTC-1","T_cells","T_cells",0.219289749785879
"ATGATAACTTCACT-1","NK_cell","NK_cell",0.102545495393138
"ATGATATGAAACAG-1","T_cells","T_cells",0.630615286042008
"ATGATATGACTGGT-1","T_cells","T_cells",0.110881416112851
"ATGATATGAGCACT-1","T_cells","T_cells",0.09750444418212
"ATGATATGGTCATG-1","T_cells","T_cells",0.11795463290168
"ATGATATGGTGCTA-1","NK_cell","NK_cell",0.171023393581773
"ATGATATGTTGTCT-1","Monocyte","Monocyte",0.0759395420271866
"ATGCACGAATGTCG-1","B_cell","B_cell",0.0814081374179446
"ATGCACGACTGTAG-1","T_cells","T_cells",0.0676503369331461
"ATGCACGAGAACCT-1","B_cell","B_cell",0.203221412502393
"ATGCACGAGTTCGA-1","T_cells","T_cells",0.233698100660297
"ATGCACGATTGGTG-1","Monocyte","Monocyte",0.310942406399971
"ATGCAGTGTTACCT-1","B_cell","B_cell",0.135930649707546
"ATGCAGTGTTCTAC-1","T_cells","T_cells",0.123419630701488
"ATGCCAGAACGACT-1","T_cells","T_cells",0.0694559516793368
"ATGCCAGACAGTCA-1","Monocyte","Monocyte",0.121708243793225
"ATGCCGCTTGAACC-1","Monocyte","Monocyte",0.094424331378322
"ATGCGATGCTATGG-1","Monocyte","Monocyte",0.246581914678724
"ATGCGATGCTGAGT-1","T_cells","T_cells",0.199369851603722
"ATGCGATGGTTACG-1","B_cell","B_cell",0.0509265645900889
"ATGCGCCTTCATTC-1","T_cells","T_cells",0.221003952015834
"ATGCTTTGCGAATC-1","T_cells","T_cells",0.429743840292561
"ATGCTTTGGGCGAA-1","T_cells","T_cells",0.0118529224972692
"ATGCTTTGTAGTCG-1","B_cell","B_cell",0.0959868738361307
"ATGGACACATCGGT-1","T_cells","T_cells",0.168902651852301
"ATGGACACGCATCA-1","NK_cell","NK_cell",0.0678017569372314
"ATGGGTACAACCTG-1","B_cell","B_cell",0.452838368866687
"ATGGGTACATCGGT-1","NK_cell","NK_cell",0.174068939574563
"ATGGGTACTATTCC-1","T_cells","T_cells",0.477013711345559
"ATGGGTACTGGGAG-1","T_cells","T_cells",0.104933329066393
"ATGTAAACACCTCC-1","T_cells","T_cells",0.125974382970931
"ATGTAAACCCGCTT-1","T_cells","T_cells",0.479037750652306
"ATGTAAACGGGATG-1","Monocyte","Monocyte",0.343159714859294
"ATGTAAACTCTCCG-1","T_cells","T_cells",0.165317362417661
"ATGTAAACTTCACT-1","Monocyte","Monocyte",0.0679190186281437
"ATGTACCTCAGTCA-1","T_cells","T_cells",0.0591730497300694
"ATGTACCTTAGTCG-1","T_cells","T_cells",0.434516904846946
"ATGTACCTTTATCC-1","Monocyte","Monocyte",0.035519290777285
"ATGTACCTTTCACT-1","NK_cell","NK_cell",0.0533308175805046
"ATGTCACTAATGCC-1","Monocyte","Monocyte",0.278993753429952
"ATGTCACTCTGCTC-1","T_cells","T_cells",0.132402078659044
"ATGTCGGAGGTGAG-1","T_cells","T_cells",0.184744752344351
"ATGTTCACAGTCTG-1","Monocyte","Monocyte",0.117216485068789
"ATGTTCACCGTAGT-1","T_cells","T_cells",0.234972743284544
"ATGTTGCTTTCAGG-1","T_cells","T_cells",0.107502356331008
"ATTAACGATGAGAA-1","NK_cell","NK_cell",0.0736027692005631
"ATTAACGATGCAAC-1","T_cells","T_cells",0.117871614146563
"ATTAAGACTGCAGT-1","T_cells","T_cells",0.128195012132536
"ATTACCTGCCTTAT-1","Pre-B_cell_CD34-","Pre-B_cell_CD34-",0.0491349601037523
"ATTACCTGGAGGAC-1","Monocyte","Monocyte",0.157890092029222
"ATTAGATGTTTCAC-1","T_cells","T_cells",0.0898291070004
"ATTATGGAATCTCT-1","T_cells","T_cells",0.191211103298321
"ATTCAAGAACGGGA-1","T_cells","T_cells",0.0855046650678644
"ATTCAAGACCTTTA-1","T_cells","T_cells",0.0979129092960961
"ATTCAGCTCATTGG-1","Platelets","Platelets",0.155220563191986
"ATTCCAACCATTGG-1","Monocyte","Monocyte",0.088214277618806
"ATTCCAACTTAGGC-1","NK_cell","NK_cell",0.131398678147481
"ATTCGACTCACTAG-1","T_cells","T_cells",0.167512887379652
"ATTCGACTGAATAG-1","Monocyte","Monocyte",0.0788484069555802
"ATTCGACTTTTGTC-1","Monocyte","Monocyte",0.133696620602723
"ATTCGGGAAAGGCG-1","Pre-B_cell_CD34-","Pre-B_cell_CD34-",0.0846912220797438
"ATTCGGGATTAGGC-1","T_cells","T_cells",0.22445478671187
"ATTCTTCTGATACC-1","T_cells","T_cells",0.101771850767271
"ATTGAATGGACGGA-1","T_cells","T_cells",0.169112204025809
"ATTGATGAAGGTTC-1","T_cells","T_cells",0.238562420956009
"ATTGATGACTGAGT-1","T_cells","T_cells",0.104962927446525
"ATTGATGAGCGAAG-1","T_cells","T_cells",0.260042113640679
"ATTGATGATCTATC-1","T_cells","T_cells",0.0946875535832686
"ATTGCACTGACGGA-1","T_cells","T_cells",0.145297664088912
"ATTGCACTGAGAGC-1","Monocyte","Monocyte",0.0548006259245862
"ATTGCACTGGAGCA-1","Monocyte","Monocyte",0.0628875090130162
"ATTGCACTTAGCCA-1","T_cells","T_cells",0.0956301872929045
"ATTGCACTTGCTTT-1","Monocyte","Monocyte",0.0986372828210008
"ATTGCTTGTTACTC-1","B_cell","B_cell",0.12094100828284
"ATTGGTCTGACTAC-1","B_cell","B_cell",0.0830491543659627
"ATTGGTCTTGTCTT-1","B_cell","B_cell",0.065030843366192
"ATTGTAGATTCCCG-1","Monocyte","Monocyte",0.150847590509729
"ATTGTAGATTGCAG-1","T_cells","T_cells",0.178504146210449
"ATTGTCTGCGTACA-1","T_cells","T_cells",0.169734849929652
"ATTTAGGAACCATG-1","Monocyte","Monocyte",0.0500784831037718
"ATTTAGGACAGAGG-1","T_cells","T_cells",0.202445772744432
"ATTTCCGAGATGAA-1","T_cells","T_cells",0.222031448977899
"ATTTCCGAGTGCTA-1","T_cells","T_cells",0.103644678505481
"ATTTCGTGTATGGC-1","NK_cell","NK_cell",0.0108346551962277
"ATTTCTCTACTTTC-1","Monocyte","Monocyte",0.16142814723696
"ATTTCTCTAGCAAA-1","T_cells","T_cells",0.139739541842951
"ATTTCTCTCACTTT-1","Monocyte","Monocyte",0.09141387357041
"ATTTCTCTTCCCAC-1","T_cells","T_cells",0.144115024769327
"ATTTGCACAAGATG-1","Monocyte","Monocyte",0.0843560408599452
"CAAAGCACAGCTCA-1","T_cells","T_cells",0.230307780817721
"CAAAGCACCGTAAC-1","B_cell","B_cell",0.319112333830624
"CAAAGCACGGTAAA-1","NK_cell","NK_cell",0.0140866973361001
"CAAAGCTGAAAGTG-1","T_cells","T_cells",0.162926991431807
"CAAAGCTGTTGCTT-1","Monocyte","Monocyte",0.109014086884473
"CAAATATGTGACAC-1","T_cells","T_cells",0.30771340169489
"CAAATTGAGGGCAA-1","T_cells","T_cells",0.0645940280608396
"CAAATTGATGGAGG-1","Monocyte","Monocyte",0.226853511928872
"CAACCAGAAAAGTG-1","T_cells","T_cells",0.0645218914030215
"CAACCAGAAGTGCT-1","T_cells","T_cells",0.239785049458052
"CAACCAGAGTTCAG-1","Monocyte","Monocyte",0.111928119688601
"CAACCAGATAGAAG-1","Monocyte","Monocyte",0.074841178374541
"CAACCGCTGTTCAG-1","T_cells","T_cells",0.184432963516283
"CAACCGCTTTGAGC-1","T_cells","T_cells",0.220021166680256
"CAACGATGCGCAAT-1","Monocyte","Monocyte",0.130205273970782
"CAACGTGACTCCAC-1","Monocyte","Monocyte",0.0674312380685336
"CAACGTGAGCCATA-1","T_cells","T_cells",0.0864219054036033
"CAACGTGATCAAGC-1","Monocyte","Monocyte",0.139705791610456
"CAAGAAGACCACAA-1","T_cells","T_cells",0.0599366050373054
"CAAGAAGACGTCTC-1","Monocyte","Monocyte",0.0849565866591263
"CAAGAAGATTCTAC-1","T_cells","T_cells",0.0697398005206425
"CAAGACTGACCTGA-1","B_cell","B_cell",0.508915506794019
"CAAGACTGAGTAGA-1","B_cell","B_cell",0.140511201846192
"CAAGCTGACCATAG-1","Monocyte","Monocyte",0.099946889058585
"CAAGCTGATCTATC-1","T_cells","T_cells",0.0713525233350114
"CAAGGACTGTTCAG-1","T_cells","T_cells",0.442840885125195
"CAAGGACTTCTTTG-1","T_cells","T_cells",0.245022353103236
"CAAGGTTGCTCCAC-1","T_cells","T_cells",0.132144069065707
"CAAGGTTGTCATTC-1","B_cell","B_cell",0.12095412669169
"CAAGGTTGTCTGGA-1","NK_cell","NK_cell",0.161014513820883
"CAAGTCGAAACAGA-1","B_cell","B_cell",0.0767721767056934
"CAAGTCGATAGCGT-1","Monocyte","Monocyte",0.115861806505217
"CAATAAACGCCATA-1","Monocyte","Monocyte",0.157464454135618
"CAATAATGAACTGC-1","Pre-B_cell_CD34-","Pre-B_cell_CD34-",0.00396614899826796
"CAATATGACATGGT-1","T_cells","T_cells",0.132275203450112
"CAATATGACCTTCG-1","NK_cell","NK_cell",0.000213787444430902
"CAATATGACGTTAG-1","T_cells","T_cells",0.116565460712465
"CAATATGAGGAGCA-1","T_cells","T_cells",0.102290429489281
"CAATCGGAGAAACA-1","T_cells","T_cells",0.141415552044111
"CAATCTACTGACTG-1","NK_cell","NK_cell",0.0828341463795408
"CAATTCACCCAACA-1","T_cells","T_cells",0.146561771600412
"CAATTCACGATAGA-1","T_cells","T_cells",0.0670792983710585
"CAATTCACTTGTGG-1","NK_cell",NA,0.0293623862077619
"CAATTCTGCTTGTT-1","Monocyte","Monocyte",0.17567612252491
"CAATTCTGGCGTAT-1","Monocyte","Monocyte",0.0963351920204205
"CACAACGATACGAC-1","T_cells","T_cells",0.127327076539738
"CACAATCTTGTTCT-1","T_cells","T_cells",0.251633070801322
"CACAATCTTTCCAT-1","T_cells","T_cells",0.126920333345819
"CACACCTGCTTGAG-1","T_cells","T_cells",0.10606021706223
"CACACCTGTATGGC-1","T_cells","T_cells",0.0677652649644525
"CACAGAACCCTTGC-1","T_cells","T_cells",0.00878566699807606
"CACAGAACCTGATG-1","T_cells","T_cells",0.211222015339729
"CACAGATGGGATTC-1","T_cells","T_cells",0.0987026797756184
"CACAGATGGTTTCT-1","Monocyte","Monocyte",0.101090691011334
"CACAGCCTGATACC-1","T_cells","T_cells",0.0583452165894472
"CACAGCCTTGCCAA-1","Monocyte","Monocyte",0.0911235057030149
"CACAGCCTTGTAGC-1","T_cells","T_cells",0.189450334710095
"CACAGTGATGAAGA-1","Monocyte","Monocyte",0.163370670031744
"CACATACTACAGCT-1","T_cells","T_cells",0.0274188440404287
"CACATGGAACACGT-1","T_cells","T_cells",0.39001940476051
"CACATGGAAGTCGT-1","T_cells","T_cells",0.125661121499526
"CACCACTGCCAACA-1","T_cells","T_cells",0.0962349644682054
"CACCACTGGCGAAG-1","NK_cell","NK_cell",0.098134631320181
"CACCCATGTTCTGT-1","T_cells",NA,0.0664248878548061
"CACCGGGAATCGAC-1","T_cells","T_cells",0.13122242169194
"CACCGGGACGAGAG-1","T_cells","T_cells",0.0724270973031313
"CACCGGGACGTGTA-1","T_cells","T_cells",0.415419229347171
"CACCGGGACTTCTA-1","T_cells","T_cells",0.117232344428605
"CACCGGGACTTGCC-1","T_cells","T_cells",0.00897598631766705
"CACCGGGATTCGGA-1","T_cells","T_cells",0.0765087653972776
"CACCGTACTAAGGA-1","B_cell","B_cell",0.151102376625877
"CACCGTACTAGCGT-1","T_cells","T_cells",0.527407643238389
"CACCTGACACCCAA-1","T_cells","T_cells",0.0400657192249415
"CACCTGACCAGAAA-1","T_cells","T_cells",0.06723651395846
"CACCTGACCTCAAG-1","T_cells","T_cells",0.076117780699803
"CACCTGACGAAAGT-1","B_cell","B_cell",0.23611843825114
"CACCTGACTCGTAG-1","T_cells","T_cells",0.234867622310014
"CACGAAACTTCCGC-1","B_cell","B_cell",0.482541519876791
"CACGACCTCGATAC-1","B_cell","B_cell",0.15267905647801
"CACGCTACAGAAGT-1","T_cells","T_cells",0.110264366272486
"CACGCTACTGTTCT-1","B_cell","B_cell",0.131105795592311
"CACGGGACAGAGTA-1","T_cells","T_cells",0.246543817088035
"CACGGGACATAAGG-1","T_cells","T_cells",0.13808407077503
"CACGGGACGTAGGG-1","T_cells","T_cells",0.57780199262873
"CACGGGTGCTTCGC-1","T_cells","T_cells",0.0336006701289432
"CACGGGTGGAGGAC-1","NK_cell","NK_cell",0.136766016354275
"CACGGGTGTGTTTC-1","T_cells","T_cells",0.0529652070844693
"CACTAACTCCTAAG-1","B_cell","B_cell",0.354931318202958
"CACTAACTGAAAGT-1","T_cells","T_cells",0.121632916872319
"CACTAGGATGATGC-1","B_cell","B_cell",0.172079973194037
"CACTATACCCCGTT-1","B_cell","B_cell",0.358442632538113
"CACTATACGTTTGG-1","T_cells","T_cells",0.136372939640322
"CACTGAGACAGTCA-1","Monocyte","Monocyte",0.160151751603877
"CACTGCACTTCATC-1","T_cells","T_cells",0.216804930477198
"CACTGCTGAGACTC-1","Monocyte","Monocyte",0.08939236261197
"CACTGCTGGAAAGT-1","T_cells","T_cells",0.179545366713658
"CACTTAACCGAATC-1","T_cells","T_cells",0.12413870143273
"CACTTAACCGTACA-1","B_cell","B_cell",0.0867296678681457
"CACTTTGACTCTAT-1","T_cells","T_cells",0.109319867353737
"CACTTTGAGCTGTA-1","T_cells","T_cells",0.0620417843922017
"CAGAAGCTCTCAAG-1","T_cells","T_cells",0.258483869948119
"CAGACATGAACGGG-1","T_cells","T_cells",0.147077926086681
"CAGACATGTCGACA-1","T_cells","T_cells",0.224715732881206
"CAGACCCTAAGGTA-1","Monocyte","Monocyte",0.0828014018609928
"CAGACCCTAATGCC-1","T_cells","T_cells",0.120227778238679
"CAGACCCTAGGAGC-1","T_cells","T_cells",0.151776048806217
"CAGACTGAGTATGC-1","T_cells","T_cells",0.156295886376549
"CAGATCGAATGTCG-1","Pro-B_cell_CD34+","Pro-B_cell_CD34+",0.0169903332146697
"CAGATCGACCTGAA-1","Pre-B_cell_CD34-","Pre-B_cell_CD34-",0.00640371353749664
"CAGATCGATATGGC-1","T_cells","T_cells",0.214764559247798
"CAGATGACATTCTC-1","NK_cell","NK_cell",0.175563401531109
"CAGCAATGCCTTCG-1","T_cells","T_cells",0.305889610766464
"CAGCAATGGAGGGT-1","NK_cell","NK_cell",0.136262722002822
"CAGCAATGGTGCTA-1","T_cells","T_cells",0.25650338227245
"CAGCAATGTCTACT-1","Monocyte","Monocyte",0.095229098769265
"CAGCAATGTGACCA-1","T_cells","T_cells",0.0750508893723706
"CAGCAATGTGAGGG-1","Monocyte","Monocyte",0.127917319169133
"CAGCACCTAAGCCT-1","T_cells","T_cells",0.142125135604349
"CAGCACCTAGGCGA-1","T_cells","T_cells",0.070954857291664
"CAGCACCTGTAGGG-1","Monocyte","Monocyte",0.0923159624161876
"CAGCATGACAACCA-1","Monocyte","Monocyte",0.05249618810657
"CAGCATGAGACGTT-1","T_cells","T_cells",0.0831796059661314
"CAGCCTACCCAACA-1","T_cells","T_cells",0.141006646141479
"CAGCCTTGCTACCC-1","Monocyte","Monocyte",0.128669873331579
"CAGCCTTGGGGACA-1","T_cells","T_cells",0.188894398402604
"CAGCGGACACCCTC-1","T_cells","T_cells",0.1221475895637
"CAGCGGACCTTTAC-1","NK_cell","NK_cell",0.164691295288308
"CAGCGTCTAAAGCA-1","T_cells","T_cells",0.248859415667067
"CAGCGTCTTATCGG-1","T_cells","T_cells",0.0985808355748265
"CAGCTAGATGTGAC-1","Monocyte","Monocyte",0.179438487910044
"CAGCTCTGAGGCGA-1","T_cells","T_cells",0.0640382958076818
"CAGCTCTGCAAGCT-1","T_cells","T_cells",0.0932762858186959
"CAGCTCTGTCGTAG-1","Monocyte","Monocyte",0.0858662376153056
"CAGCTCTGTGTGGT-1","NK_cell","NK_cell",0.159259680356231
"CAGGAACTAACTGC-1","T_cells","T_cells",0.0180340210831757
"CAGGAACTCTCAGA-1","Monocyte","Monocyte",0.109058883917915
"CAGGCCGAACACCA-1","T_cells","T_cells",0.399625694352658
"CAGGCCGAACACGT-1","T_cells","T_cells",0.18115666986135
"CAGGCCGAACGACT-1","T_cells","T_cells",0.0452625651258513
"CAGGCCGAATCTCT-1","Monocyte","Monocyte",0.0867804143657712
"CAGGCCGACTAGCA-1","B_cell","B_cell",0.260088333514025
"CAGGGCACCATACG-1","B_cell","B_cell",0.236181110713415
"CAGGGCACCCAACA-1","T_cells","T_cells",0.162226979316753
"CAGGGCACTCCCGT-1","T_cells","T_cells",0.22342491276052
"CAGGTAACAGACTC-1","Pre-B_cell_CD34-","Pre-B_cell_CD34-",0.0925110385369616
"CAGGTATGAGTCGT-1","T_cells","T_cells",0.0608124824266728
"CAGGTATGTGCTTT-1","T_cells","T_cells",0.168258989781212
"CAGGTTGAGGATCT-1","B_cell","B_cell",0.506410492292669
"CAGTGATGGACGGA-1","B_cell","B_cell",0.119279906582333
"CAGTGATGGCTAAC-1","NK_cell","NK_cell",0.0265354883670117
"CAGTGATGGGACAG-1","T_cells","T_cells",0.206127643673965
"CAGTGATGTAAGGA-1","B_cell","B_cell",0.208426590563839
"CAGTGATGTACGCA-1","B_cell",NA,0.0311975230020497
"CAGTGTGATGTCAG-1","T_cells","T_cells",0.200879196602896
"CAGTTACTAAGGTA-1","B_cell","B_cell",0.373326082890952
"CAGTTACTGATAGA-1","T_cells","T_cells",0.137328302817872
"CAGTTGGAAAGAGT-1","Monocyte","Monocyte",0.197299721707363
"CAGTTGGACATACG-1","T_cells","T_cells",0.115835243876698
"CAGTTTACACACGT-1","NK_cell","NK_cell",0.0342595574431155
"CAGTTTACCCCAAA-1","T_cells","T_cells",0.129908047518652
"CATAAAACGGAGCA-1","Monocyte","Monocyte",0.101119584071932
"CATAAATGAACTGC-1","T_cells","T_cells",0.0861171585950196
"CATAACCTTCTCCG-1","T_cells","T_cells",0.203275810008942
"CATACTACCTCGAA-1","T_cells","T_cells",0.0653269549463397
"CATACTACCTGAAC-1","T_cells","T_cells",0.116433579024648
"CATACTACGTACCA-1","Monocyte","Monocyte",0.0561344211183498
"CATACTTGGGTTAC-1","Monocyte","Monocyte",0.162950076384147
"CATAGTCTAATCGC-1","T_cells","T_cells",0.0788473807382324
"CATAGTCTCACTTT-1","T_cells","T_cells",0.157805213049897
"CATATAGACTAAGC-1","Monocyte","Monocyte",0.0581107204866743
"CATATAGATCAGGT-1","B_cell","B_cell",0.1039090061093
"CATCAACTAGAAGT-1","T_cells","T_cells",0.171090091302656
"CATCAACTCCCTCA-1","T_cells","T_cells",0.0856499929327939
"CATCAGGACTTCCG-1","NK_cell","NK_cell",0.0990632824318574
"CATCAGGATAGCCA-1","NK_cell","NK_cell",0.128572032493416
"CATCAGGATCCTAT-1","Monocyte","Monocyte",0.0954450850874303
"CATCAGGATGCACA-1","Monocyte","Monocyte",0.0288835707248039
"CATCAGGATTTCGT-1","Monocyte","Monocyte",0.103996508299691
"CATCATACCGCATA-1","Monocyte","Monocyte",0.219588129646595
"CATCATACGGAGCA-1","B_cell","B_cell",0.361195133148467
"CATCATACTCAAGC-1","T_cells","T_cells",0.133489036410827
"CATCGCTGGGATCT-1","T_cells","T_cells",0.196741354997206
"CATCGCTGTGGCAT-1","B_cell","B_cell",0.0528636938108264
"CATCGGCTATGCTG-1","T_cells","T_cells",0.502719493200512
"CATCGGCTTTGGCA-1","T_cells","T_cells",0.114501938635487
"CATCTCCTATGTGC-1","B_cell","B_cell",0.104708940627032
"CATCTCCTCGAACT-1","Monocyte","Monocyte",0.149204023754734
"CATGAGACACGGGA-1","B_cell","B_cell",0.109504173824044
"CATGAGACGTTGAC-1","NK_cell","NK_cell",0.142677298139357
"CATGAGACTCGCCT-1","T_cells","T_cells",0.094549157727721
"CATGCCACGGGTGA-1","T_cells","T_cells",0.255066356270147
"CATGCCACTGCCAA-1","T_cells","T_cells",0.100175150399603
"CATGCGCTAGTCAC-1","Monocyte","Monocyte",0.0937915681904617
"CATGCGCTCAGATC-1","Monocyte","Monocyte",0.214501028510242
"CATGCGCTTTGCAG-1","Monocyte","Monocyte",0.0586470840579592
"CATGGCCTAGGGTG-1","Monocyte","Monocyte",0.121571478323716
"CATGGCCTGTGCAT-1","T_cells","T_cells",0.118526771480616
"CATGTACTATCGTG-1","T_cells","T_cells",0.0219258665380291
"CATGTTACAGTCGT-1","T_cells","T_cells",0.0488299978963855
"CATGTTACCTGAGT-1","T_cells","T_cells",0.190630567650533
"CATGTTTGGGGATG-1","Pre-B_cell_CD34-","Pre-B_cell_CD34-",0.053678527701354
"CATTACACACGGAG-1","B_cell","B_cell",0.178749296670801
"CATTACACCAACTG-1","NK_cell","NK_cell",0.14393927009021
"CATTACACGGAGTG-1","T_cells","T_cells",0.103188584664874
"CATTACACTACTCT-1","T_cells","T_cells",0.459547471964118
"CATTAGCTCCACAA-1","Monocyte","Monocyte",0.0966393565898986
"CATTGACTAGCGGA-1","Monocyte","Monocyte",0.052220481381088
"CATTGGGACTCGAA-1","T_cells","T_cells",0.0824509317237815
"CATTGTACAGCGTT-1","T_cells","T_cells",0.0969940601945458
"CATTGTACTCGATG-1","B_cell","B_cell",0.201814130912143
"CATTGTACTTATCC-1","T_cells","T_cells",0.171751584744152
"CATTGTACTTTGCT-1","Monocyte","Monocyte",0.060501560801498
"CATTGTTGCTAGTG-1","T_cells","T_cells",0.205542037968292
"CATTTCGACTCTAT-1","T_cells","T_cells",0.101094756103522
"CATTTCGAGATACC-1","NK_cell","NK_cell",0.165638147687188
"CATTTGACCACACA-1","T_cells","T_cells",0.0837052219358727
"CATTTGACCCTGAA-1","T_cells","T_cells",0.100117918040963
"CATTTGTGACGACT-1","B_cell","B_cell",0.528152909061559
"CATTTGTGCATTGG-1","T_cells","T_cells",0.144998219480046
"CATTTGTGCGGAGA-1","T_cells","T_cells",0.160522529768692
"CATTTGTGGGATCT-1","B_cell","B_cell",0.185284250608762
"CCAAAGTGCTACGA-1","Monocyte","Monocyte",0.0948132254917281
"CCAAAGTGTGAGAA-1","Monocyte","Monocyte",0.145340983204827
"CCAACCTGAAGTAG-1","T_cells","T_cells",0.0670835903418284
"CCAACCTGACGTAC-1","Monocyte","Monocyte",0.097480780977959
"CCAACCTGTTCGCC-1","Pre-B_cell_CD34-","Pre-B_cell_CD34-",0.0611807383028147
"CCAAGAACCCAATG-1","T_cells","T_cells",0.0807401443945646
"CCAAGAACGTAGCT-1","T_cells","T_cells",0.195017858042247
"CCAAGAACGTGTCA-1","T_cells","T_cells",0.185328142649681
"CCAAGAACTACTGG-1","T_cells","T_cells",0.160458619646747
"CCAAGAACTCCTAT-1","B_cell","B_cell",0.0713575673355304
"CCAAGATGTCATTC-1","T_cells","T_cells",0.0989837327935738
"CCAAGATGTTTCAC-1","T_cells","T_cells",0.121283698988806
"CCAAGTGAGGAACG-1","T_cells","T_cells",0.173105422653441
"CCAAGTGATCAAGC-1","T_cells","T_cells",0.224787053543877
"CCAATTTGAACGTC-1","Monocyte","Monocyte",0.0855019666477735
"CCACCATGAACGTC-1","T_cells","T_cells",0.475028397647868
"CCACCATGATCGGT-1","T_cells","T_cells",0.108770882661344
"CCACCATGGACGAG-1","Monocyte","Monocyte",0.239283589382061
"CCACCATGGGGAGT-1","T_cells","T_cells",0.0812972433932901
"CCACCATGTCCTGC-1","T_cells","T_cells",0.0181600811620476
"CCACTGACCCGCTT-1","Monocyte","Monocyte",0.0294278779163755
"CCACTGTGGGAAGC-1","Monocyte","Monocyte",0.0652078058962396
"CCACTGTGTGTAGC-1","T_cells","T_cells",0.083980082095016
"CCACTTCTCGGGAA-1","Monocyte","Monocyte",0.140050939729217
"CCAGAAACCCTGTC-1","B_cell","B_cell",0.214494789611169
"CCAGAAACGAACTC-1","T_cells","T_cells",0.169468599421347
"CCAGAAACGGTCTA-1","T_cells","T_cells",0.09120977055815
"CCAGACCTCTGAGT-1","Monocyte","Monocyte",0.0751999618609268
"CCAGACCTTGTGGT-1","T_cells","T_cells",0.0229273959416104
"CCAGCACTGCGATT-1","Monocyte","Monocyte",0.109118781949432
"CCAGCGGAAAGGCG-1","Monocyte","Monocyte",0.0984432919244574
"CCAGCGGACGACTA-1","Monocyte","Monocyte",0.18743614546545
"CCAGCGGATGGGAG-1","T_cells","T_cells",0.131890866006878
"CCAGCTACACAGTC-1","T_cells","T_cells",0.151341992675724
"CCAGCTACCAGCTA-1","B_cell","B_cell",0.0644357923972054
"CCAGGTCTACACCA-1","B_cell","B_cell",0.123707582651829
"CCAGGTCTAGCATC-1","Monocyte","Monocyte",0.136457409566432
"CCAGGTCTATGGTC-1","T_cells","T_cells",0.0673954231817165
"CCAGTCACACTGGT-1","Monocyte","Monocyte",0.0528293383882117
"CCAGTCACACTGTG-1","B_cell","B_cell",0.0704132290604175
"CCAGTCACGTTGTG-1","T_cells","T_cells",0.152313822762483
"CCAGTGCTAACCAC-1","T_cells","T_cells",0.236918592478618
"CCAGTGCTCGTAGT-1","T_cells","T_cells",0.0759633583071511
"CCATCCGAAAGCAA-1","T_cells","T_cells",0.128005864733854
"CCATCCGAACGACT-1","T_cells","T_cells",0.0652778827583517
"CCATCCGAAGGTTC-1","B_cell","B_cell",0.210325823354703
"CCATCCGATTCGCC-1","Monocyte","Monocyte",0.18454871259257
"CCATCGTGAACGGG-1","T_cells","T_cells",0.0510687328544882
"CCATCGTGCTAGAC-1","Pre-B_cell_CD34-","Pre-B_cell_CD34-",0.0308053489192859
"CCCAACACCTCGCT-1","B_cell","B_cell",0.0863839486684128
"CCCAACACGCATCA-1","T_cells","T_cells",0.0853567222155275
"CCCAACACTTTGTC-1","Monocyte","Monocyte",0.0772351209644168
"CCCAACTGCAATCG-1","Pre-B_cell_CD34-","Pre-B_cell_CD34-",0.023232460446239
"CCCAGACTGCCTTC-1","Monocyte","Monocyte",0.00911049652147891
"CCCAGACTGGTTTG-1","B_cell","B_cell",0.496287819836989
"CCCAGACTTTCGCC-1","Monocyte","Monocyte",0.110195792160156
"CCCAGTTGCAGTTG-1","Monocyte","Monocyte",0.253776165370664
"CCCAGTTGGGTACT-1","T_cells","T_cells",0.0748891671725115
"CCCAGTTGTCTATC-1","B_cell","B_cell",0.0619184480936865
"CCCGATTGTGTTTC-1","T_cells","T_cells",0.0994447128316152
"CCCGGAGAAGGGTG-1","Pre-B_cell_CD34-","Pre-B_cell_CD34-",0.0376495803685906
"CCCTACGAATTGGC-1","Monocyte","Monocyte",0.154342786520431
"CCCTAGTGCAAAGA-1","T_cells","T_cells",0.185104856228126
"CCCTCAGACACTTT-1","B_cell","B_cell",0.347981727462434
"CCCTCAGACGAGAG-1","T_cells","T_cells",0.196846381719668
"CCCTCAGAGGTCAT-1","T_cells","T_cells",0.20030464776385
"CCCTGAACTAAAGG-1","B_cell","B_cell",0.0678798828092184
"CCCTGATGCAACCA-1","T_cells","T_cells",0.0972559320550462
"CCCTGATGCAAGCT-1","B_cell","B_cell",0.0586221112253636
"CCCTTACTAACCAC-1","Monocyte","Monocyte",0.0520876434707984
"CCCTTACTGCAGTT-1","T_cells","T_cells",0.150931497018381
"CCGAAAACCTTGTT-1","Monocyte","Monocyte",0.144705499055641
"CCGACACTGGTTTG-1","T_cells","T_cells",0.258867825913001
"CCGACTACCCAGTA-1","Monocyte","Monocyte",0.1097858933741
"CCGACTACCGTGTA-1","T_cells","T_cells",0.0578295377020721
"CCGACTACTGAGGG-1","T_cells","T_cells",0.118778645330182
"CCGATAGACCTAAG-1","T_cells","T_cells",0.101600187912645
"CCGATAGAGTTGGT-1","Monocyte","Monocyte",0.075998573630224
"CCGCGAGACACACA-1","Monocyte","Monocyte",0.107789551180423
"CCGCGAGAGGTTCA-1","T_cells","T_cells",0.1248514640848
"CCGCTATGGGACGA-1","B_cell","B_cell",0.14204172243371
"CCGCTATGTGCAAC-1","Monocyte","Monocyte",0.0944359634429421
"CCGCTATGTGCACA-1","Monocyte","Monocyte",0.072567489706278
"CCGGTACTGTCCTC-1","T_cells","T_cells",0.217211777304549
"CCGTACACAAGCAA-1","T_cells","T_cells",0.0677705420311798
"CCGTACACAGCGTT-1","B_cell","B_cell",0.230086754380481
"CCGTACACGTCATG-1","T_cells","T_cells",0.0343097512605731
"CCGTACACGTTGGT-1","Monocyte","Monocyte",0.107951216407622
"CCGTACACTAACGC-1","T_cells","T_cells",0.113613883285687
"CCTAAACTTTCGTT-1","T_cells","T_cells",0.129383072818836
"CCTAAGGACCCAAA-1","T_cells","T_cells",0.162619660660118
"CCTAAGGACTAGCA-1","Monocyte","Monocyte",0.127699675738155
"CCTAAGGAGGGCAA-1","NK_cell",NA,0.0472822625193913
"CCTAAGGATGATGC-1","T_cells","T_cells",0.123091757083505
"CCTAAGGATGTCAG-1","T_cells","T_cells",0.0657927767197032
"CCTACCGACTCTTA-1","T_cells","T_cells",0.10087586532119
"CCTACCGAGGGATG-1","B_cell","B_cell",0.138722060348462
"CCTAGAGAGGTGAG-1","B_cell","B_cell",0.082267445907391
"CCTATAACCAAAGA-1","T_cells","T_cells",0.233278541407759
"CCTATAACGAGACG-1","Monocyte","Monocyte",0.118088064058099
"CCTATAACTCAGAC-1","T_cells","T_cells",0.0905555720578494
"CCTATAACTGCATG-1","Monocyte","Monocyte",0.0518104320075465
"CCTCGAACACTTTC-1","NK_cell","NK_cell",0.14901532096387
"CCTCGAACCCGTAA-1","Monocyte","Monocyte",0.0347627990062098
"CCTCGAACGTATCG-1","T_cells","T_cells",0.154003889711503
"CCTCGAACTTACTC-1","T_cells","T_cells",0.0790761533174884
"CCTCTACTCTTCGC-1","Pre-B_cell_CD34-","Pre-B_cell_CD34-",0.155323531235009
"CCTCTACTGGCATT-1","T_cells","T_cells",0.146719492613094
"CCTGACTGAAGTAG-1","T_cells","T_cells",0.0289156913674909
"CCTGACTGGGGAGT-1","T_cells","T_cells",0.237350781913911
"CCTGACTGTGTCTT-1","B_cell","B_cell",0.167101978868978
"CCTGCAACACGTTG-1","Pre-B_cell_CD34-","Pre-B_cell_CD34-",0.0318356065043498
"CCTGGACTCGTGAT-1","T_cells","T_cells",0.108320845223477
"CCTTAATGCCCAAA-1","B_cell","B_cell",0.142744942804387
"CCTTAATGTTCTAC-1","Monocyte","Monocyte",0.128727597329218
"CCTTCACTACGACT-1","T_cells","T_cells",0.200494621187604
"CCTTCACTCAGTCA-1","B_cell","B_cell",0.191370028110849
"CCTTCACTGGAGTG-1","Pre-B_cell_CD34-","Pre-B_cell_CD34-",0.115955774349357
"CCTTTAGATTCATC-1","Monocyte","Monocyte",0.0817311980067388
"CGAACATGCCCTAC-1","Monocyte","Monocyte",0.0960803239953663
"CGAACATGTCAGAC-1","T_cells","T_cells",0.052264826210425
"CGAAGACTGGAACG-1","T_cells","T_cells",0.0679619483775917
"CGAAGACTGTTACG-1","T_cells","T_cells",0.232886916345508
"CGAAGGGAAACCTG-1","T_cells","T_cells",0.1678607014073
"CGAAGGGATCCGAA-1","B_cell","B_cell",0.399917952944942
"CGAAGTACCAACTG-1","B_cell","B_cell",0.119719121225381
"CGAATCGAGGAGCA-1","Pre-B_cell_CD34-","Pre-B_cell_CD34-",0.10015771836823
"CGAATCGAGGAGGT-1","T_cells","T_cells",0.117876511676876
"CGACAAACCCATAG-1","T_cells","T_cells",0.103577303723534
"CGACAAACCGACAT-1","B_cell","B_cell",0.165909410967151
"CGACCACTAAAGTG-1","NK_cell","NK_cell",0.147476928504394
"CGACCACTGCCAAT-1","NK_cell","NK_cell",0.064930299093116
"CGACCGGAAGGTCT-1","T_cells","T_cells",0.0754464336580948
"CGACCGGATGGAAA-1","T_cells","T_cells",0.0530723080377889
"CGACCTTGCTAGTG-1","T_cells","T_cells",0.164829713134307
"CGACGTCTATCGTG-1","T_cells","T_cells",0.0992756801206273
"CGACGTCTCGTGTA-1","T_cells","T_cells",0.155270449668505
"CGACGTCTGAGGCA-1","T_cells","T_cells",0.0648300171008978
"CGACTCACGTCGTA-1","T_cells","T_cells",0.208862176532876
"CGACTCACGTTGCA-1","T_cells","T_cells",0.0780591045611429
"CGACTCTGTGTGAC-1","T_cells","T_cells",0.128566417411246
"CGACTGCTTCCTCG-1","Monocyte","Monocyte",0.0546928504234845
"CGAGAACTAAGGCG-1","T_cells","T_cells",0.104065817769053
"CGAGAACTACGTTG-1","T_cells","T_cells",0.214969042841542
"CGAGAACTTGTTCT-1","Monocyte","Monocyte",0.117194030146356
"CGAGATTGGACACT-1","T_cells","T_cells",0.042285603104039
"CGAGATTGGCCATA-1","T_cells","T_cells",0.0213608732249834
"CGAGCCGAACACCA-1","T_cells","T_cells",0.178125582972518
"CGAGCCGAGGCGAA-1","T_cells","T_cells",0.0662991262852994
"CGAGCGTGCTCCAC-1","T_cells","T_cells",0.068582379729275
"CGAGCGTGGATACC-1","T_cells","T_cells",0.16490106028149
"CGAGCGTGTATGCG-1","Monocyte","Monocyte",0.0506132446376659
"CGAGGAGACCTCCA-1","B_cell","B_cell",0.190291741957935
"CGAGGAGATGTCGA-1","T_cells","T_cells",0.0832174782680566
"CGAGGCACCTATGG-1","T_cells","T_cells",0.0726727829642415
"CGAGGCACTATGCG-1","Monocyte","Monocyte",0.298978991092581
"CGAGGCACTCTTCA-1","T_cells","T_cells",0.106101851302506
"CGAGGCTGACGCTA-1","NK_cell","NK_cell",0.156548440413086
"CGAGGCTGGCAGTT-1","Monocyte","Monocyte",0.106418070062509
"CGAGGGCTACGACT-1","Pro-B_cell_CD34+","Pro-B_cell_CD34+",0.0039329428776998
"CGAGGGCTCGAATC-1","T_cells","T_cells",0.143062455431764
"CGAGTATGTCACCC-1","Monocyte","Monocyte",0.0349087734396804
"CGATACGAACAGTC-1","Monocyte","Monocyte",0.218510551806398
"CGATACGACAGGAG-1","T_cells","T_cells",0.18439829231719
"CGATACGATTCACT-1","B_cell","B_cell",0.0721379570400944
"CGATAGACCCGTAA-1","Monocyte","Monocyte",0.0755592940976857
"CGATAGACCGTACA-1","T_cells","T_cells",0.0803688138495163
"CGATAGACGTAGGG-1","Pre-B_cell_CD34-","Pre-B_cell_CD34-",0.0155249398339889
"CGATAGACTGTTCT-1","T_cells","T_cells",0.0568763223498998
"CGATCAGAAGAACA-1","T_cells","T_cells",0.0542773933376365
"CGATCAGAGAGGGT-1","T_cells","T_cells",0.0762902649367638
"CGATCAGAGGTACT-1","T_cells","T_cells",0.204343116802885
"CGATCAGATGTGAC-1","Monocyte","Monocyte",0.0223451995848778
"CGATCCACCGGGAA-1","T_cells","T_cells",0.0632905159642735
"CGATCCACTTCCAT-1","B_cell","B_cell",0.0179624609494227
"CGCAAATGCTCGAA-1","T_cells","T_cells",0.0581948056352501
"CGCAACCTCCTTGC-1","T_cells","T_cells",0.11184934303899
"CGCAACCTGGACGA-1","T_cells","T_cells",0.0636539988517626
"CGCACGGAGGACGA-1","B_cell","B_cell",0.191754764977194
"CGCACGGATCTTTG-1","T_cells","T_cells",0.0568286943762251
"CGCACTACAGAATG-1","T_cells","T_cells",0.135333464116283
"CGCACTACAGCCAT-1","T_cells","T_cells",0.270548363158777
"CGCACTACATTGGC-1","T_cells","T_cells",0.0999035617166321
"CGCACTACTCGCCT-1","B_cell","B_cell",0.06969128694015
"CGCACTACTCGTGA-1","T_cells","T_cells",0.161978476624715
"CGCACTTGTCACGA-1","Monocyte","Monocyte",0.0123774355852952
"CGCAGGACAGATCC-1","T_cells","T_cells",0.155016221344626
"CGCAGGACCTACTT-1","T_cells","T_cells",0.187541220939947
"CGCAGGACTTGTCT-1","Monocyte","Monocyte",0.246234344417714
"CGCAGGTGCACTGA-1","T_cells","T_cells",0.0937426887838399
"CGCAGGTGCCATAG-1","Monocyte","Monocyte",0.0891352278708492
"CGCAGGTGGGAACG-1","T_cells","T_cells",0.0994249005856818
"CGCATAGATCACGA-1","Monocyte","Monocyte",0.0557205535250868
"CGCCATACTGCAAC-1","T_cells","T_cells",0.138966181588946
"CGCCATTGAGAGGC-1","T_cells","T_cells",0.0968055345246142
"CGCCATTGCTATGG-1","T_cells","T_cells",0.107011949362659
"CGCCATTGGAGACG-1","T_cells","T_cells",0.110282785503984
"CGCCATTGGAGCAG-1","B_cell","B_cell",0.0501417595413349
"CGCCATTGTACTGG-1","B_cell","B_cell",0.171623486084521
"CGCCGAGAGCTTAG-1","NK_cell","NK_cell",0.0833001985535824
"CGCCTAACGAATGA-1","Monocyte","Monocyte",0.234077712686028
"CGCCTAACTGCTCC-1","T_cells","T_cells",0.0689251611304199
"CGCGAGACACAGCT-1","T_cells","T_cells",0.065494140195939
"CGCGAGACAGGTCT-1","B_cell","B_cell",0.343973064537191
"CGCGAGACGCTACA-1","T_cells","T_cells",0.292479314046455
"CGCGATCTCAGTCA-1","Monocyte","Monocyte",0.0941577108314445
"CGCGATCTGTTGAC-1","Pre-B_cell_CD34-","Pre-B_cell_CD34-",0.00563519159437123
"CGCGATCTTTCTTG-1","B_cell","B_cell",0.450292584952247
"CGCGGATGGCCAAT-1","T_cells","T_cells",0.280784545118985
"CGCTAAGAATGTCG-1","T_cells","T_cells",0.267751878562859
"CGCTAAGACAACTG-1","T_cells","T_cells",0.135621692569796
"CGCTAAGACCCTTG-1","T_cells","T_cells",0.0772918223586931
"CGCTACTGAACAGA-1","Monocyte","Monocyte",0.122155902485105
"CGCTACTGAGAACA-1","T_cells","T_cells",0.164366432421627
"CGCTACTGTGAGCT-1","T_cells","T_cells",0.0779578628527517
"CGCTACTGTTCCCG-1","T_cells","T_cells",0.0362643501115126
"CGCTCATGCATTTC-1","Monocyte","Monocyte",0.121883065600459
"CGGAATTGGTTTGG-1","T_cells","T_cells",0.0578224919560683
"CGGAATTGTGGAGG-1","T_cells","T_cells",0.261617451632152
"CGGACCGATGCGTA-1","T_cells","T_cells",0.0664826924986466
"CGGACCGATGGGAG-1","T_cells","T_cells",0.0888219310171202
"CGGACTCTAAACAG-1","B_cell","B_cell",0.184644354405605
"CGGACTCTCCAATG-1","T_cells","T_cells",0.0956589200622613
"CGGACTCTCCTCGT-1","NK_cell","NK_cell",0.0983380073754724
"CGGAGGCTATTCCT-1","T_cells",NA,0.153886463064547
"CGGAGGCTTGGATC-1","T_cells","T_cells",0.325898458469397
"CGGATAACAACGAA-1","Monocyte","Monocyte",0.187356835316966
"CGGATAACAGCTCA-1","T_cells","T_cells",0.0753925555644767
"CGGATAACTCAGTG-1","Monocyte","Monocyte",0.0886672595200382
"CGGCACGAACTCAG-1","T_cells","T_cells",0.0625273590726943
"CGGCACGAAGGGTG-1","T_cells","T_cells",0.150321897347882
"CGGCACGACTACGA-1","Monocyte","Monocyte",0.145238213322726
"CGGCATCTTAGAAG-1","T_cells","T_cells",0.0634918516788277
"CGGCATCTTCGTAG-1","Monocyte","Monocyte",0.11826991248706
"CGGCCAGAAAGGTA-1","T_cells","T_cells",0.110503748843523
"CGGCCAGAGAGGCA-1","T_cells","T_cells",0.0757260805323954
"CGGCGAACCAGTCA-1","Monocyte","Monocyte",0.365424289378333
"CGGCGAACGACAAA-1","NK_cell","NK_cell",0.0801308552320789
"CGGCGAACGGTCTA-1","T_cells","T_cells",0.160429338571138
"CGGCGAACTACTTC-1","NK_cell","NK_cell",0.0580766901510882
"CGGGACTGCGTGTA-1","T_cells","T_cells",0.134707940227898
"CGGGACTGGAATAG-1","T_cells","T_cells",0.111818356532122
"CGGGCATGACCCAA-1","T_cells","T_cells",0.0692084441630207
"CGGGCATGTCTCTA-1","NK_cell","NK_cell",0.109046727301583
"CGGGCATGTTGTGG-1","T_cells","T_cells",0.241366319373472
"CGGTAAACTCGCAA-1","T_cells","T_cells",0.0387557739936067
"CGGTCACTGTTTGG-1","T_cells","T_cells",0.13219972709664
"CGGTCACTTACTTC-1","T_cells","T_cells",0.0890540003226135
"CGTAACGATCGCCT-1","T_cells","T_cells",0.351866056477986
"CGTACCACACACAC-1","T_cells","T_cells",0.388758275045577
"CGTACCACACGTTG-1","T_cells","T_cells",0.227071464084354
"CGTACCACCTCATT-1","T_cells","T_cells",0.126774414577853
"CGTACCACGGAGCA-1","T_cells","T_cells",0.477303755657101
"CGTACCTGGCATCA-1","NK_cell","NK_cell",0.0940493674816201
"CGTAGCCTCTCTCG-1","Pre-B_cell_CD34-","Pre-B_cell_CD34-",0.0194883709305338
"CGTAGCCTGCGAAG-1","T_cells","T_cells",0.213675499416335
"CGTAGCCTGTATGC-1","Monocyte","Monocyte",0.0808523979592129
"CGTCAAGAAAGGTA-1","Monocyte","Monocyte",0.125004064974554
"CGTCAAGAACGTGT-1","T_cells","T_cells",0.252291351097408
"CGTCAAGACAGAGG-1","T_cells","T_cells",0.331258916100709
"CGTCAAGACAGGAG-1","T_cells","T_cells",0.10134940266813
"CGTCCATGCTCTTA-1","T_cells","T_cells",0.296725349836303
"CGTCGACTTTCCGC-1","T_cells","T_cells",0.233807625046369
"CGTGATGACGCTAA-1","T_cells","T_cells",0.0573415860700439
"CGTGATGAGGTTCA-1","T_cells","T_cells",0.1053472119889
"CGTGCACTTATGGC-1","Monocyte","Monocyte",0.159608770525182
"CGTGTAGAAAAACG-1","T_cells","T_cells",0.166904418943854
"CGTGTAGACGATAC-1","NK_cell","NK_cell",0.111027173179525
"CGTGTAGAGTTACG-1","NK_cell","NK_cell",0.155557936848188
"CGTGTAGAGTTCAG-1","Monocyte","Monocyte",0.0074894444357689
"CGTGTAGATTCGGA-1","NK_cell","NK_cell",0.071554852572183
"CGTTAGGAAACCAC-1","T_cells","T_cells",0.249566349223221
"CGTTAGGATCATTC-1","Monocyte","Monocyte",0.250146630808437
"CGTTATACCCTGAA-1","NK_cell","NK_cell",0.0222812811381086
"CGTTTAACTGGTCA-1","T_cells","T_cells",0.0526682956725575
"CTAAACCTCTGACA-1","NK_cell","NK_cell",0.18519350496479
"CTAAACCTGTGCAT-1","B_cell","B_cell",0.548337919435568
"CTAACACTAACGTC-1","T_cells","T_cells",0.0988787381439594
"CTAACACTAGTGCT-1","Monocyte","Monocyte",0.0243836646265988
"CTAACGGAACCGAT-1","NK_cell","NK_cell",0.189418032231994
"CTAACGGATTTCTG-1","T_cells","T_cells",0.417184536634607
"CTAACTACGGCAAG-1","T_cells","T_cells",0.00188908399123616
"CTAAGGACACCATG-1","T_cells","T_cells",0.166401667703327
"CTAAGGACCGTTAG-1","T_cells","T_cells",0.0513827362101593
"CTAAGGACGCCATA-1","Monocyte","Monocyte",0.115238336218818
"CTAAGGTGCCTAAG-1","B_cell","B_cell",0.101052822128232
"CTAAGGTGTTGCAG-1","T_cells","T_cells",0.0927797989467949
"CTAAGGTGTTTCTG-1","T_cells",NA,0.0811665583318931
"CTAATAGAGCTATG-1","T_cells",NA,0.00403632157874911
"CTAATGCTTGTGGT-1","Monocyte","Monocyte",0.0880965942409319
"CTACAACTCCCGTT-1","T_cells","T_cells",0.163040071296261
"CTACCTCTCAACCA-1","T_cells","T_cells",0.0153529707268965
"CTACGCACACCTAG-1","Monocyte","Monocyte",0.111971915748218
"CTACGCACTCTCCG-1","T_cells","T_cells",0.0669971503379794
"CTACGCACTGGTCA-1","NK_cell","NK_cell",0.0379417131945924
"CTACGGCTTTCTTG-1","Monocyte","Monocyte",0.17336140751292
"CTACTATGAACCAC-1","Monocyte","Monocyte",0.0159223240793409
"CTACTATGATGTGC-1","Monocyte","Monocyte",0.0746295933114509
"CTACTATGCTAAGC-1","T_cells","T_cells",0.149184007482171
"CTACTATGTAAAGG-1","B_cell","B_cell",0.075753105836423
"CTACTCCTATGTCG-1","NK_cell","NK_cell",0.215475196381764
"CTACTCCTGCCATA-1","Monocyte","Monocyte",0.0666843649445595
"CTAGAGACACTTTC-1","T_cells","T_cells",0.0793064352715194
"CTAGAGACAGCATC-1","T_cells","T_cells",0.101996549450846
"CTAGAGACTTTGGG-1","Monocyte","Monocyte",0.0911163543324502
"CTAGATCTCTCTAT-1","T_cells","T_cells",0.194124690241579
"CTAGATCTTCGACA-1","T_cells","T_cells",0.0566034995946053
"CTAGGATGAGCCTA-1","B_cell","B_cell",0.210587491840947
"CTAGGATGATCGTG-1","B_cell","B_cell",0.0642420235895128
"CTAGGCCTCTCAGA-1","T_cells","T_cells",0.0989451296704423
"CTAGGTGATGGTTG-1","Monocyte","Monocyte",0.413627097493622
"CTAGTTACCAGAGG-1","T_cells","T_cells",0.0664854946353136
"CTAGTTACCGCATA-1","T_cells","T_cells",0.120266499140648
"CTAGTTACGAAACA-1","NK_cell","NK_cell",0.217876806186291
"CTATAAGATCGTTT-1","B_cell","B_cell",0.051492674100544
"CTATACTGAGGTTC-1","Monocyte","Monocyte",0.0563522581106556
"CTATACTGCCAGTA-1","T_cells","T_cells",0.0603734133130416
"CTATACTGCGCTAA-1","Pre-B_cell_CD34-","Pre-B_cell_CD34-",0.0184239893116691
"CTATACTGCTACGA-1","NK_cell","NK_cell",0.162836519841674
"CTATACTGTCTCAT-1","NK_cell","NK_cell",0.0654438060356192
"CTATACTGTTCGTT-1","CMP","CMP",0.186212522809845
"CTATAGCTGTCACA-1","T_cells","T_cells",0.0690005995456595
"CTATAGCTTCGCTC-1","Monocyte","Monocyte",0.0367148512454311
"CTATAGCTTGCCTC-1","Monocyte","Monocyte",0.103258371835268
"CTATCAACGAACTC-1","T_cells","T_cells",0.116720908699106
"CTATCAACGCAGAG-1","T_cells","T_cells",0.119279299865054
"CTATCAACTTTGGG-1","T_cells","T_cells",0.115573603092054
"CTATCCCTCCACCT-1","Monocyte","Monocyte",0.191877565154012
"CTATGTACGAGAGC-1","T_cells","T_cells",0.446169962568168
"CTATGTACGCTTAG-1","T_cells","T_cells",0.0605746309998288
"CTATGTACTGTTTC-1","T_cells","T_cells",0.0879220602074299
"CTATGTTGAAAGCA-1","T_cells","T_cells",0.12236530008667
"CTATGTTGTCCTCG-1","T_cells","T_cells",0.115984743675647
"CTATGTTGTCTCGC-1","T_cells","T_cells",0.249137774090434
"CTATTGACAAACGA-1","Monocyte","Monocyte",0.0680481022498937
"CTATTGACACTGGT-1","Monocyte","Monocyte",0.0765518173975038
"CTATTGACGGTGAG-1","Monocyte","Monocyte",0.153125665734191
"CTATTGTGGCAAGG-1","T_cells","T_cells",0.0986794944287282
"CTCAATTGGTTCAG-1","T_cells","T_cells",0.23016230967527
"CTCAATTGGTTGCA-1","Monocyte","Monocyte",0.0663420405235251
"CTCAGAGATAGAAG-1","T_cells","T_cells",0.308294349503096
"CTCAGCACTCTAGG-1","T_cells","T_cells",0.116618607522578
"CTCAGCACTGAACC-1","Monocyte","Monocyte",0.0724198128936647
"CTCAGCACTTGCAG-1","T_cells","T_cells",0.0675709383436936
"CTCAGCTGAACCTG-1","Monocyte","Monocyte",0.0442042681736972
"CTCAGCTGCAGTTG-1","T_cells","T_cells",0.0699265620358906
"CTCAGGCTCGTTGA-1","Monocyte","Monocyte",0.223452768666867
"CTCAGGCTGCTAAC-1","T_cells","T_cells",0.095654992354201
"CTCATTGACCTTAT-1","T_cells","T_cells",0.193086064625861
"CTCATTGATGCTTT-1","Monocyte","Monocyte",0.0614895851634177
"CTCCACGAGAGATA-1","Monocyte","Monocyte",0.0705730499530097
"CTCCATCTCTTAGG-1","T_cells","T_cells",0.115466624197822
"CTCCATCTGACGAG-1","T_cells","T_cells",0.173958156173881
"CTCCGAACAAGTGA-1","Monocyte","Monocyte",0.0537212374124212
"CTCCTACTGCCTTC-1","Monocyte","Monocyte",0.117334512879601
"CTCGAAGATGTGGT-1","T_cells","T_cells",0.254853024006749
"CTCGAAGATTAGGC-1","Monocyte","Monocyte",0.106956629772335
"CTCGACTGCTCTAT-1","T_cells","T_cells",0.121495549291606
"CTCGACTGGGTGAG-1","T_cells","T_cells",0.0877796741707872
"CTCGACTGGTTGAC-1","NK_cell","NK_cell",0.0879350011011414
"CTCGAGCTCTGGAT-1","NK_cell","NK_cell",0.0121457812748981
"CTCGCATGACTTTC-1","T_cells","T_cells",0.0506673677053386
"CTCGCATGCTTAGG-1","T_cells","T_cells",0.127822824649852
"CTCTAAACCTCGAA-1","T_cells","T_cells",0.0835865328661118
"CTCTAAACGGCGAA-1","T_cells","T_cells",0.103640139676891
"CTCTAATGTCCAAG-1","Monocyte","Monocyte",0.0761915407723607
"CTGAACGACAGTCA-1","T_cells","T_cells",0.479615425159951
"CTGAACGATGAGGG-1","T_cells","T_cells",0.087946592005188
"CTGAAGACCCAACA-1","T_cells","T_cells",0.0872349688578095
"CTGAAGACGTGCAT-1","B_cell","B_cell",0.051552366624243
"CTGAAGTGAAGCCT-1","Monocyte","Monocyte",0.0568944032545304
"CTGAAGTGCAGCTA-1","B_cell","B_cell",0.0821403453720207
"CTGAAGTGGCTATG-1","T_cells","T_cells",0.210254645573387
"CTGAAGTGTCCAGA-1","T_cells","T_cells",0.251398776839771
"CTGAATCTGAATAG-1","T_cells","T_cells",0.0592530841331128
"CTGACAGAATCGTG-1","T_cells","T_cells",0.0735580684506809
"CTGACCACAGCAAA-1","T_cells","T_cells",0.293980865744975
"CTGAGAACCGGGAA-1","T_cells","T_cells",0.375876670068521
"CTGAGAACGTAAAG-1","NK_cell","NK_cell",0.0715198463337063
"CTGATACTAGTAGA-1","T_cells","T_cells",0.0818651661781814
"CTGATTTGGTGTTG-1","Monocyte","Monocyte",0.127265790253011
"CTGCAGCTAACCGT-1","T_cells","T_cells",0.504954702965689
"CTGCAGCTGACACT-1","T_cells","T_cells",0.164252166355554
"CTGCAGCTGGATTC-1","Monocyte","Monocyte",0.0969294229516405
"CTGCAGCTTGGCAT-1","T_cells","T_cells",0.0989612413972671
"CTGCCAACAGGAGC-1","T_cells","T_cells",0.238432942116966
"CTGCCAACCAGCTA-1","T_cells","T_cells",0.241003943962057
"CTGCCAACTAACCG-1","Monocyte","Monocyte",0.111064543922799
"CTGCCAACTGCTCC-1","T_cells","T_cells",0.14975652130932
"CTGCCAACTTGCAG-1","T_cells","T_cells",0.143107666555033
"CTGCCAACTTGCTT-1","T_cells","T_cells",0.15579754491426
"CTGCGACTCCACCT-1","T_cells","T_cells",0.0157177755174306
"CTGGAAACAAACGA-1","T_cells","T_cells",0.0808195761991315
"CTGGAAACATCGAC-1","T_cells","T_cells",0.063725593598767
"CTGGATGACTGGAT-1","T_cells","T_cells",0.100578819559507
"CTGGATGACTTGTT-1","T_cells","T_cells",0.0727899866152683
"CTGGATGATGTGAC-1","B_cell","B_cell",0.0873700042142429
"CTGGCACTCAAGCT-1","Monocyte","Monocyte",0.162195188824851
"CTGTAACTAACCAC-1","T_cells","T_cells",0.14550841930069
"CTGTAACTAGCGTT-1","T_cells","T_cells",0.237465445315379
"CTGTATACGTAAAG-1","T_cells","T_cells",0.063686034650519
"CTGTATACGTACGT-1","Monocyte","Monocyte",0.29003591312267
"CTGTATACGTTGGT-1","T_cells","T_cells",0.0851758723257933
"CTGTGAGACAACCA-1","Monocyte","Monocyte",0.0649032799763716
"CTGTGAGACCTTGC-1","T_cells","T_cells",0.144484579857493
"CTGTGAGACGAACT-1","Monocyte","Monocyte",0.113146828034495
"CTGTGAGACTGTAG-1","Monocyte","Monocyte",0.0926565087543464
"CTTAAAGAACCTGA-1","T_cells","T_cells",0.179939326969257
"CTTAACACCTGTAG-1","T_cells","T_cells",0.190501964751071
"CTTAACACTATCGG-1","B_cell","B_cell",0.281652818484666
"CTTAAGCTACCTAG-1","T_cells","T_cells",0.0969097560592453
"CTTAAGCTAGTACC-1","T_cells","T_cells",0.269510171396914
"CTTAAGCTCATCAG-1","T_cells","T_cells",0.184112637678701
"CTTAAGCTCCGCTT-1","B_cell","B_cell",0.331284869933832
"CTTACAACTAACGC-1","T_cells","T_cells",0.51289848603451
"CTTACAACTCCCGT-1","Monocyte","Monocyte",0.0517838003150073
"CTTACTGACGTACA-1","T_cells","T_cells",0.169332455708845
"CTTAGACTAAACGA-1","T_cells","T_cells",0.0722303535382822
"CTTAGGGACTTGCC-1","T_cells","T_cells",0.107630006188807
"CTTAGGGAGAATCC-1","T_cells","T_cells",0.182483366516484
"CTTATCGACTCATT-1","T_cells","T_cells",0.466470846041611
"CTTCACCTACCTGA-1","Monocyte","Monocyte",0.158348176821
"CTTCATGAAGCATC-1","B_cell","B_cell",0.245930175442312
"CTTCATGAAGTACC-1","T_cells","T_cells",0.0703174053654718
"CTTCATGACCGAAT-1","T_cells","T_cells",0.0542008224004378
"CTTGAACTACGCAT-1","T_cells","T_cells",0.104710691924198
"CTTGATTGAGGTTC-1","T_cells","T_cells",0.0620147556791024
"CTTGATTGATCTTC-1","Monocyte","Monocyte",0.133594879571125
"CTTGATTGCATTCT-1","T_cells","T_cells",0.0840747321316504
"CTTGATTGTTTCGT-1","T_cells","T_cells",0.136123780478256
"CTTGTATGACACCA-1","B_cell","B_cell",0.117518131981304
"CTTGTATGCGCAAT-1","B_cell","B_cell",0.0847379765204201
"CTTTACGAGCGAAG-1","T_cells","T_cells",0.134393594139854
"CTTTAGACCGTGAT-1","T_cells","T_cells",0.109778341648377
"CTTTAGACGAGACG-1","T_cells","T_cells",0.0907499460689256
"CTTTAGACGATACC-1","T_cells","T_cells",0.12730163971831
"CTTTAGACGTTGGT-1","T_cells","T_cells",0.183760775446489
"CTTTAGACTCATTC-1","T_cells","T_cells",0.0783663566437306
"CTTTAGTGACGGGA-1","NK_cell","NK_cell",0.0895392403314741
"CTTTAGTGGGTGGA-1","T_cells","T_cells",0.236102100163951
"CTTTCAGAGAAACA-1","T_cells","T_cells",0.117950618154273
"CTTTGATGAGCACT-1","T_cells","T_cells",0.0613108648227812
"CTTTGATGTCTAGG-1","T_cells","T_cells",0.150254016241283
"CTTTGATGTGTCCC-1","T_cells","T_cells",0.172742450166689
"CTTTGATGTGTGGT-1","T_cells","T_cells",0.123620125209301
"GAAACAGAACTACG-1","T_cells","T_cells",0.0938911563735362
"GAAACAGAATCACG-1","T_cells","T_cells",0.090407103888174
"GAAACAGACATTCT-1","T_cells","T_cells",0.414375261129524
"GAAACCTGATCGTG-1","T_cells","T_cells",0.218910280788625
"GAAACCTGATGCCA-1","T_cells","T_cells",0.157203013546193
"GAAACCTGCTTATC-1","T_cells","T_cells",0.16573469501499
"GAAACCTGGACTAC-1","Monocyte","Monocyte",0.158897449230552
"GAAACCTGTGCTAG-1","T_cells","T_cells",0.0918451815809085
"GAAAGATGATTTCC-1","T_cells","T_cells",0.153150253033976
"GAAAGATGCTGATG-1","Monocyte","Monocyte",0.0954438433469376
"GAAAGATGCTTCGC-1","Monocyte","Monocyte",0.234381421236385
"GAAAGATGTAAGGA-1","T_cells",NA,0.10656124347919
"GAAAGCCTACGTTG-1","B_cell","B_cell",0.480366347858709
"GAAAGTGAAAGTGA-1","Monocyte","Monocyte",0.0794017893033833
"GAAAGTGACCACAA-1","Monocyte","Monocyte",0.367525028272743
"GAAAGTGACTCAAG-1","T_cells","T_cells",0.175815275842089
"GAAATACTACCAAC-1","Monocyte",NA,0.147167861284417
"GAAATACTCTTAGG-1","B_cell","B_cell",0.0731718288095295
"GAAATACTTCCTCG-1","T_cells","T_cells",0.0597841636733073
"GAACACACGTGCAT-1","Monocyte","Monocyte",0.224676281813715
"GAACACACTGCCTC-1","T_cells","T_cells",0.0855513597988257
"GAACAGCTAACTGC-1","Monocyte","Monocyte",0.346061549788111
"GAACAGCTCTCAGA-1","Monocyte","Monocyte",0.118948456710992
"GAACCAACCACAAC-1","T_cells","T_cells",0.0687227999201379
"GAACCAACTTCCGC-1","NK_cell","NK_cell",0.208375641774788
"GAACCTGAACGTGT-1","T_cells","T_cells",0.152395730548266
"GAACCTGAGAGACG-1","T_cells","T_cells",0.248269889229864
"GAACCTGATGAACC-1","T_cells","T_cells",0.111620784217569
"GAACGGGATACTTC-1","T_cells","T_cells",0.13730619519177
"GAACTGTGACCTGA-1","Monocyte","Monocyte",0.0874257007526329
"GAACTGTGCCAGTA-1","Monocyte","Monocyte",0.0267105920673758
"GAAGAATGCAATCG-1","T_cells","T_cells",0.110599787422649
"GAAGCGGACCTATT-1","Monocyte","Monocyte",0.273240269309815
"GAAGCTACGAATGA-1","Monocyte","Monocyte",0.0964833260656066
"GAAGCTACGGTTTG-1","T_cells","T_cells",0.112915100936155
"GAAGGGTGAAAGTG-1","T_cells","T_cells",0.0747069635093028
"GAAGGGTGCTTAGG-1","Monocyte","Monocyte",0.1450253497099
"GAAGGTCTGAAAGT-1","T_cells","T_cells",0.134556028060662
"GAAGGTCTGTTGCA-1","T_cells","T_cells",0.272681027152751
"GAAGGTCTTAAAGG-1","Monocyte","Monocyte",0.230530705812894
"GAAGTAGACTCCCA-1","NK_cell","NK_cell",0.0244034954418561
"GAAGTAGATCCAAG-1","Monocyte","Monocyte",0.249864320360287
"GAAGTCACCCTCGT-1","Monocyte","Monocyte",0.0435319302229371
"GAAGTCACCCTGTC-1","B_cell","B_cell",0.136712371183836
"GAAGTCTGTCGCAA-1","B_cell","B_cell",0.171033420679083
"GAAGTCTGTTCTGT-1","T_cells","T_cells",0.0600878044329396
"GAAGTGCTAAACGA-1","NK_cell","NK_cell",0.157290783848849
"GAAGTGCTCCGCTT-1","Monocyte","Monocyte",0.0615850525634199
"GAAGTGCTTAACCG-1","T_cells","T_cells",0.104378417349775
"GAATGCACCCTAAG-1","T_cells","T_cells",0.152562981856993
"GAATGCACCTTCGC-1","NK_cell","NK_cell",0.0813342510637408
"GAATGCTGCGGTAT-1","T_cells","T_cells",0.0549882758175624
"GAATTAACGATAAG-1","T_cells","T_cells",0.250086896553251
"GAATTAACGGTCAT-1","T_cells","T_cells",0.43566964800955
"GAATTAACGTCGTA-1","NK_cell","NK_cell",0.0673094974025142
"GAATTAACTGAAGA-1","B_cell","B_cell",0.176945452660636
"GACAACACAGGCGA-1","T_cells","T_cells",0.427727649175564
"GACAACACATCGTG-1","T_cells","T_cells",0.197287033774944
"GACAACACTCGCCT-1","T_cells","T_cells",0.097006629126089
"GACAACTGAGGTTC-1","T_cells","T_cells",0.199078769976695
"GACAGGGAAGAGTA-1","B_cell","B_cell",0.121606136509755
"GACAGGGAATGCCA-1","T_cells","T_cells",0.0648048713271683
"GACAGTACGAGCTT-1","Monocyte","Monocyte",0.278249372665919
"GACAGTACTTCGGA-1","Monocyte","Monocyte",0.118588815703418
"GACAGTTGAGTAGA-1","B_cell","B_cell",0.532518475928787
"GACATTCTCCACCT-1","Monocyte","Monocyte",0.148026973419195
"GACCAAACGACTAC-1","Monocyte","Monocyte",0.0543473784908614
"GACCAAACGTATCG-1","Monocyte","Monocyte",0.133431099839791
"GACCCTACTAAAGG-1","B_cell","B_cell",0.367989843483269
"GACCTAGACCTCAC-1","T_cells","T_cells",0.0551807225413506
"GACCTAGACGAGAG-1","T_cells","T_cells",0.207801556043747
"GACCTCACAAGGTA-1","T_cells","T_cells",0.0933886346054415
"GACCTCACGTACGT-1","Monocyte","Monocyte",0.105084506266957
"GACCTCTGCATCAG-1","T_cells","T_cells",0.20937074955355
"GACGAACTCCCACT-1","T_cells","T_cells",0.546388923424895
"GACGATTGCCAATG-1","B_cell","B_cell",0.0643941361782084
"GACGCCGACCTTCG-1","T_cells","T_cells",0.0766584830575227
"GACGCTCTCTCTCG-1","Platelets","Platelets",0.0611851372786914
"GACGGCACACGGGA-1","NK_cell","NK_cell",0.0945580338320859
"GACGGCACGAGATA-1","Monocyte","Monocyte",0.0890751915621034
"GACGTAACCTATGG-1","T_cells","T_cells",0.110454781012091
"GACGTAACCTGTGA-1","T_cells","T_cells",0.143958325517435
"GACGTAACTATGGC-1","T_cells","T_cells",0.0713181842312706
"GACGTATGTTGACG-1","T_cells","T_cells",0.101948021024351
"GACGTATGTTTGCT-1","T_cells","T_cells",0.0932366937236369
"GACGTCCTACGGAG-1","T_cells","T_cells",0.0597781660383553
"GACGTCCTCTCAAG-1","Monocyte","Monocyte",0.0796631925590956
"GACGTCCTGATAAG-1","B_cell","B_cell",0.0955668018422696
"GACTACGATGGTCA-1","B_cell","B_cell",0.060716503543756
"GACTCCTGCTCGCT-1","T_cells","T_cells",0.155303691529871
"GACTCCTGGGTTAC-1","T_cells","T_cells",0.276402464409084
"GACTCCTGTTATCC-1","T_cells","T_cells",0.25271546673105
"GACTCCTGTTGGTG-1","Pre-B_cell_CD34-","Pre-B_cell_CD34-",0.0809930142828214
"GACTGAACCAATCG-1","Monocyte","Monocyte",0.0506025438166635
"GACTGATGTGATGC-1","T_cells","T_cells",0.218106102533001
"GACTTTACATGCCA-1","T_cells","T_cells",0.119287374727694
"GACTTTACGACAGG-1","B_cell","B_cell",0.145322547365069
"GAGAAATGTTCTCA-1","B_cell","B_cell",0.0873521222505625
"GAGATAGAAAAAGC-1","Monocyte","Monocyte",0.348541897194421
"GAGATCACGACAAA-1","Monocyte","Monocyte",0.112730156129797
"GAGATGCTCTGGAT-1","NK_cell","NK_cell",0.00974072650232505
"GAGATGCTGAATGA-1","T_cells","T_cells",0.0999983464244395
"GAGCAGGATTCCCG-1","NK_cell","NK_cell",0.000858398000799288
"GAGCATACTTTGCT-1","Monocyte","Monocyte",0.107024892172234
"GAGCGCACGCGTAT-1","Pre-B_cell_CD34-","Pre-B_cell_CD34-",0.025676714666524
"GAGCGCACGGTGAG-1","T_cells","T_cells",0.022470556767634
"GAGCGCTGAAGATG-1","NK_cell","NK_cell",0.178719343738152
"GAGCGCTGTCTTAC-1","Monocyte","Monocyte",0.0834060424794401
"GAGCGGCTGGGAGT-1","B_cell","B_cell",0.134243984667333
"GAGGACGACTCAGA-1","T_cells","T_cells",0.0347988482098012
"GAGGATCTGAAAGT-1","Pro-B_cell_CD34+","Pro-B_cell_CD34+",0.00444405205463391
"GAGGCAGACTTGCC-1","T_cells","T_cells",0.0939778008445467
"GAGGGAACACCAGT-1","T_cells","T_cells",0.0887176960457952
"GAGGGAACGAGGGT-1","T_cells","T_cells",0.092875610608455
"GAGGGATGGGAAAT-1","T_cells","T_cells",0.0596506894882061
"GAGGGCCTTCACCC-1","T_cells","T_cells",0.217759715537558
"GAGGGTGAAGAGTA-1","T_cells","T_cells",0.435290296318719
"GAGGTACTACGGTT-1","T_cells","T_cells",0.131877335458857
"GAGGTACTACTCAG-1","Monocyte","Monocyte",0.114781409223805
"GAGGTACTGACACT-1","NK_cell","NK_cell",0.193995479942032
"GAGGTACTGGGAGT-1","T_cells","T_cells",0.0941545121367251
"GAGGTACTTAGCGT-1","Monocyte","Monocyte",0.207477507258385
"GAGGTGGAGTACGT-1","T_cells","T_cells",0.0622370433725112
"GAGGTGGATCCTCG-1","NK_cell","NK_cell",0.176136078192277
"GAGGTTACTCGTTT-1","Monocyte","Monocyte",0.0583501917661196
"GAGGTTTGTAAGCC-1","Monocyte","Monocyte",0.118728476937955
"GAGTCAACCATTCT-1","T_cells",NA,0.0598603320170518
"GAGTCAACGGGAGT-1","T_cells","T_cells",0.101040740641333
"GAGTCTGATCGTGA-1","T_cells","T_cells",0.154274655266009
"GAGTCTGATTTGGG-1","B_cell","B_cell",0.096025497176303
"GAGTGACTCAGCTA-1","T_cells","T_cells",0.137686495692428
"GAGTGACTCGGTAT-1","T_cells","T_cells",0.0969875503312704
"GAGTGACTCTTGCC-1","B_cell","B_cell",0.213167335908765
"GAGTGACTGACTAC-1","B_cell","B_cell",0.0522868896298756
"GAGTGACTGTCTAG-1","T_cells","T_cells",0.315304277516427
"GAGTGGGAGTCTTT-1","B_cell","B_cell",0.229719216607615
"GAGTGGGATGCCCT-1","T_cells","T_cells",0.13997949603859
"GAGTGGGATGCTGA-1","B_cell","B_cell",0.269072589379433
"GAGTGTTGCTGTAG-1","T_cells","T_cells",0.176562902889538
"GAGTGTTGTGGTCA-1","T_cells","T_cells",0.0814449153759901
"GAGTTGTGCATGGT-1","Monocyte",NA,0.115478141263394
"GAGTTGTGCTGAGT-1","T_cells","T_cells",0.0905611500289768
"GAGTTGTGGCGAGA-1","Monocyte","Monocyte",0.103375795668107
"GAGTTGTGGTAGCT-1","Platelets","Platelets",0.133449842110742
"GAGTTGTGTATGCG-1","Monocyte","Monocyte",0.150422466417183
"GATAAGGAGAAACA-1","Monocyte","Monocyte",0.0556765855205582
"GATAAGGATTCACT-1","Monocyte","Monocyte",0.113537806115833
"GATACTCTATCGGT-1","T_cells","T_cells",0.218038517000665
"GATACTCTTACTTC-1","T_cells","T_cells",0.108943435800021
"GATACTCTTGACTG-1","Monocyte","Monocyte",0.0805617927886919
"GATAGAGAAGGGTG-1","T_cells","T_cells",0.0869798107194943
"GATAGAGACTGTGA-1","T_cells","T_cells",0.217140039379019
"GATAGAGATCACGA-1","Monocyte","Monocyte",0.13276902992775
"GATAGCACCCATAG-1","T_cells","T_cells",0.130567164531514
"GATAGCACGAAGGC-1","Monocyte","Monocyte",0.079542468126902
"GATAGCACTTGTCT-1","T_cells","T_cells",0.242964901597374
"GATATAACAAGGTA-1","T_cells","T_cells",0.169365907843611
"GATATAACACGCAT-1","T_cells","T_cells",0.082447090467072
"GATATATGCTGGAT-1","T_cells","T_cells",0.209042783798511
"GATATATGTCCGTC-1","T_cells","T_cells",0.108981866599016
"GATATATGTGGAGG-1","Pre-B_cell_CD34-","Pre-B_cell_CD34-",0.0273913243610512
"GATATCCTAGAAGT-1","T_cells","T_cells",0.242995222235247
"GATATCCTCCCGTT-1","Pre-B_cell_CD34-","Pre-B_cell_CD34-",0.0156839098474968
"GATATTGACAGGAG-1","T_cells","T_cells",0.0506490528844547
"GATATTGACGAGTT-1","Monocyte","Monocyte",0.129579723888181
"GATATTGAGCCAAT-1","T_cells","T_cells",0.201651375894638
"GATCCCTGACCTTT-1","NK_cell","NK_cell",0.177844275254308
"GATCCCTGTGTAGC-1","T_cells","T_cells",0.0678448824462615
"GATCCGCTGGTCAT-1","Monocyte","Monocyte",0.154389388091229
"GATCGAACCGAGAG-1","T_cells","T_cells",0.117963591572553
"GATCGATGACTAGC-1","B_cell","B_cell",0.0611023377265919
"GATCGATGGTAAAG-1","B_cell","B_cell",0.148018515978673
"GATCGATGTAAGGA-1","Monocyte","Monocyte",0.0830765978135556
"GATCGTGACACTAG-1","T_cells","T_cells",0.282701620811662
"GATCGTGATTCACT-1","T_cells","T_cells",0.152727265649515
"GATCTACTGGTGAG-1","T_cells","T_cells",0.0910280293628686
"GATCTACTTTGCAG-1","B_cell","B_cell",0.0534269128219054
"GATCTTACACCCAA-1","Monocyte","Monocyte",0.171685990539203
"GATCTTACCCTACC-1","T_cells","T_cells",0.10277798544877
"GATCTTACGAATAG-1","Monocyte","Monocyte",0.0560961397323917
"GATCTTACGAGATA-1","Pre-B_cell_CD34-","Pre-B_cell_CD34-",0.054998809390367
"GATGCAACTCCAGA-1","T_cells","T_cells",0.199340091028299
"GATGCCCTACGTAC-1","T_cells","T_cells",0.0602624333594955
"GATGCCCTCTCATT-1","T_cells","T_cells",0.10009365265923
"GATGCCCTGGCAAG-1","Monocyte","Monocyte",0.142197598992805
"GATGCCCTTTTGCT-1","T_cells","T_cells",0.203336653814373
"GATTACCTTGTTCT-1","T_cells","T_cells",0.107051352322599
"GATTCGGAACGACT-1","T_cells","T_cells",0.221006544103324
"GATTCGGACAGGAG-1","Monocyte","Monocyte",0.239997963454347
"GATTCGGAGAAGGC-1","Monocyte","Monocyte",0.0587364124007543
"GATTCTTGATTCGG-1","Monocyte","Monocyte",0.21923338582507
"GATTCTTGCCGATA-1","T_cells","T_cells",0.17097500679005
"GATTCTTGCGAGTT-1","B_cell","B_cell",0.0575960012699112
"GATTGGACCCGTTC-1","B_cell","B_cell",0.113334411018326
"GATTGGACGGTGTT-1","B_cell","B_cell",0.459729108136538
"GATTGGACTTTCGT-1","B_cell","B_cell",0.148954012186657
"GATTGGTGTGTCAG-1","T_cells","T_cells",0.420604525387045
"GATTTAGACACTCC-1","Monocyte","Monocyte",0.11024959176871
"GATTTAGACTAAGC-1","B_cell","B_cell",0.108683165894974
"GATTTAGATTCGTT-1","Pre-B_cell_CD34-","Pre-B_cell_CD34-",0.0898695274457337
"GATTTGCTAACGAA-1","T_cells","T_cells",0.216081513391934
"GATTTGCTAACGGG-1","Monocyte","Monocyte",0.0846694587461899
"GCAACCCTCCTCGT-1","Monocyte","Monocyte",0.0705403636608585
"GCAACTGATTGCGA-1","T_cells","T_cells",0.11222445161171
"GCAAGACTACTGGT-1","T_cells","T_cells",0.583722092014626
"GCAAGACTAGGTCT-1","T_cells","T_cells",0.195534119659174
"GCAAGACTCCCTTG-1","T_cells","T_cells",0.35896064987468
"GCAATCGACTGCAA-1","T_cells","T_cells",0.0651459520711052
"GCAATCGAGACGTT-1","Monocyte","Monocyte",0.201124831978461
"GCAATCGATCCTTA-1","Monocyte","Monocyte",0.218426453429574
"GCAATTCTCGTGTA-1","T_cells","T_cells",0.0729379062204356
"GCAATTCTTCTCCG-1","T_cells","T_cells",0.07472977829061
"GCACAAACAATGCC-1","T_cells","T_cells",0.0578476170666198
"GCACAAACGGTACT-1","T_cells","T_cells",0.192805803948413
"GCACAATGGTGCAT-1","Monocyte","Monocyte",0.046176889363549
"GCACACCTGTGCTA-1","NK_cell","NK_cell",0.131108237450358
"GCACCACTCATGAC-1","Monocyte","Monocyte",0.0866795045339885
"GCACCACTGTTTGG-1","Pre-B_cell_CD34-","Pre-B_cell_CD34-",1.11022302462516e-16
"GCACCACTTCCTTA-1","NK_cell","NK_cell",0.161418466303361
"GCACCACTTTCGGA-1","Monocyte","Monocyte",0.0886716477986049
"GCACCTACGCGATT-1","T_cells","T_cells",0.329738280431671
"GCACCTTGGCTGTA-1","T_cells","T_cells",0.0671543762259558
"GCACCTTGGGGAGT-1","Monocyte","Monocyte",0.286031654301932
"GCACGGACCAGCTA-1","T_cells","T_cells",0.195247288587676
"GCACGGTGACCTCC-1","T_cells","T_cells",0.256496208643078
"GCACGGTGCTATGG-1","Monocyte","Monocyte",0.092586825190163
"GCACTAGAACGGGA-1","T_cells","T_cells",0.205664535220511
"GCACTAGAAGATGA-1","B_cell","B_cell",0.350324983968922
"GCACTAGACCTTTA-1","Monocyte","Monocyte",0.252755482097807
"GCACTAGACGTAAC-1","B_cell","B_cell",0.158634009451516
"GCACTAGAGTCGTA-1","NK_cell","NK_cell",0.0969633281937172
"GCACTAGATGCAAC-1","T_cells","T_cells",0.203520935573363
"GCACTGCTGAGGCA-1","T_cells","T_cells",0.066556139786077
"GCAGATACAGCGTT-1","T_cells","T_cells",0.0301198200614895
"GCAGATACGACGGA-1","T_cells","T_cells",0.0557279936219527
"GCAGATACGCAGAG-1","T_cells","T_cells",0.0931660122464703
"GCAGCCGACAGTCA-1","T_cells","T_cells",0.173633134169747
"GCAGCGTGCACTCC-1","T_cells","T_cells",0.0994634759836125
"GCAGCTCTCAATCG-1","T_cells","T_cells",0.120025868058479
"GCAGCTCTGTTTCT-1","T_cells","T_cells",0.24265653246807
"GCAGGGCTAAGAAC-1","T_cells","T_cells",0.121904692827722
"GCAGGGCTAAGGGC-1","T_cells","T_cells",0.156040330733548
"GCAGGGCTATCGAC-1","NK_cell","NK_cell",0.0975243387566996
"GCAGGGCTTGGGAG-1","T_cells","T_cells",0.0150765558130748
"GCAGTCCTAACTGC-1","T_cells","T_cells",0.0561564062485984
"GCAGTCCTCTCTTA-1","T_cells","T_cells",0.187005858619222
"GCATCAGATGCGTA-1","T_cells","T_cells",0.112437046807621
"GCATGTGACAAGCT-1","T_cells","T_cells",0.128570938970095
"GCATTGGAGAAGGC-1","T_cells","T_cells",0.199847995541993
"GCCAAAACGAGGCA-1","T_cells","T_cells",0.116826333121175
"GCCAAATGATCGAC-1","T_cells","T_cells",0.255674767788578
"GCCAACCTACGGTT-1","T_cells","T_cells",0.518792114574505
"GCCAACCTCGCCTT-1","T_cells","T_cells",0.0698572671614557
"GCCACGGAGGCGAA-1","Monocyte","Monocyte",0.120117132776598
"GCCACGGATACTGG-1","T_cells","T_cells",0.119222659778945
"GCCACTACGTCTTT-1","T_cells","T_cells",0.0877639558956727
"GCCCAACTACCGAT-1","T_cells","T_cells",0.12488491088804
"GCCCAACTATGGTC-1","NK_cell","NK_cell",0.00658328264863284
"GCCCATACAGCGTT-1","T_cells",NA,0.00666835189096687
"GCCGACGAACTCTT-1","Monocyte","Monocyte",0.0402544309985383
"GCCGAGTGCGTTGA-1","T_cells","T_cells",0.128468185578285
"GCCGGAACGAACTC-1","T_cells","T_cells",0.0661907886392185
"GCCGGAACGTTCTT-1","NK_cell","NK_cell",0.160937617390148
"GCCGGAACTGCACA-1","NK_cell","NK_cell",0.0588063584386586
"GCCGGAACTTACTC-1","T_cells","T_cells",0.0666039675030527
"GCCGTACTACCTGA-1","T_cells","T_cells",0.128307084506909
"GCCGTACTGGCAAG-1","Monocyte","Monocyte",0.176050139861782
"GCCTACACAGTTCG-1","NK_cell","NK_cell",0.185411158181035
"GCCTACACCACTGA-1","Monocyte","Monocyte",0.0277690145666329
"GCCTACACCTTGAG-1","T_cells","T_cells",0.261976709820201
"GCCTAGCTACGGAG-1","B_cell","B_cell",0.0543464192717497
"GCCTAGCTCTATTC-1","T_cells","T_cells",0.0874391563574732
"GCCTAGCTTCTCAT-1","T_cells","T_cells",0.189712580409105
"GCCTAGCTTCTCTA-1","Monocyte","Monocyte",0.127475336856852
"GCCTCAACCATGGT-1","T_cells","T_cells",0.254564708576433
"GCCTCAACTCTTTG-1","T_cells","T_cells",0.0688795045739894
"GCCTCATGTCTTAC-1","T_cells","T_cells",0.0881405973981118
"GCCTGACTCTCAAG-1","Monocyte","Monocyte",0.0887852563852269
"GCGAAGGAACTCTT-1","T_cells","T_cells",0.162227092059297
"GCGAAGGATGCCAA-1","T_cells","T_cells",0.0975340054645458
"GCGAGAGAGGGACA-1","T_cells","T_cells",0.193494988047545
"GCGAGCACTGTCGA-1","B_cell","B_cell",0.164692330718893
"GCGAGCACTTGACG-1","T_cells","T_cells",0.257328798463587
"GCGAGCACTTGCTT-1","Monocyte","Monocyte",0.100512661443899
"GCGATATGGTACGT-1","T_cells","T_cells",0.236162314277807
"GCGATATGGTGTTG-1","T_cells","T_cells",0.101873431438033
"GCGCACGAAGTCGT-1","T_cells","T_cells",0.187495999709861
"GCGCACGACTTTAC-1","Monocyte","Monocyte",0.0709189506106931
"GCGCATCTAGGTCT-1","T_cells","T_cells",0.0623242619466823
"GCGCATCTGGTTAC-1","Pro-B_cell_CD34+","Pro-B_cell_CD34+",0.00239681512538736
"GCGCATCTTCGATG-1","T_cells","T_cells",0.110280447015608
"GCGCATCTTGCTCC-1","NK_cell","NK_cell",0.107339019046858
"GCGCATCTTTCTAC-1","T_cells","T_cells",0.174138694783843
"GCGCGAACGTTCTT-1","B_cell","B_cell",0.0926375164140641
"GCGCGATGAACGGG-1","T_cells","T_cells",0.0553304517316286
"GCGCGATGGTGCAT-1","NK_cell","NK_cell",0.191656467443637
"GCGGAGCTCCTGAA-1","T_cells","T_cells",0.120968492693373
"GCGGCAACCCGATA-1","T_cells","T_cells",0.104650945751773
"GCGGCAACGGAGGT-1","B_cell","B_cell",0.178476774601541
"GCGGCAACTGTCGA-1","Monocyte","Monocyte",0.0294278779163755
"GCGTAAACACGGTT-1","Pre-B_cell_CD34-","Pre-B_cell_CD34-",0.165482943531104
"GCGTAATGCACCAA-1","Monocyte","Monocyte",0.18554007564326
"GCGTATGAACACCA-1","T_cells","T_cells",0.12370949326243
"GCGTATGATGAGAA-1","Monocyte","Monocyte",0.0982722228865422
"GCTACAGAAAGGTA-1","T_cells","T_cells",0.226129712962246
"GCTACAGAATCTTC-1","B_cell",NA,0.268952654814482
"GCTACCTGAGAAGT-1","Monocyte","Monocyte",0.117386092252417
"GCTACCTGATCACG-1","T_cells","T_cells",0.273449552984628
"GCTACGCTAGAATG-1","T_cells","T_cells",0.128133204866875
"GCTACGCTAGCTAC-1","T_cells","T_cells",0.0835592427382994
"GCTACGCTCCCTAC-1","T_cells","T_cells",0.46982074102978
"GCTAGAACAGAGGC-1","B_cell","B_cell",0.0822515634734341
"GCTAGAACGGATCT-1","T_cells","T_cells",0.217069071891329
"GCTAGAACTCCCGT-1","T_cells","T_cells",0.212620019983647
"GCTAGATGAGCTCA-1","Monocyte","Monocyte",0.111453556446989
"GCTAGATGGCGATT-1","T_cells","T_cells",0.061498830786319
"GCTATACTAAGGCG-1","T_cells","T_cells",0.550842567074441
"GCTATACTAGCGTT-1","T_cells","T_cells",0.0859694798631277
"GCTATACTCTCTTA-1","T_cells","T_cells",0.0634571399024285
"GCTATACTGGACGA-1","T_cells","T_cells",0.085268671812426
"GCTCAAGAACCATG-1","Monocyte","Monocyte",0.0944152044117077
"GCTCAAGAAGTCAC-1","Monocyte","Monocyte",0.220876225456309
"GCTCAGCTGTCTAG-1","T_cells","T_cells",0.182212248795422
"GCTCCATGAGAAGT-1","NK_cell","NK_cell",0.0143304461148397
"GCTCCATGCCGAAT-1","T_cells","T_cells",0.16469023113131
"GCTCGACTCTAGTG-1","Monocyte","Monocyte",0.069827040820282
"GCTGATGAGGTATC-1","Monocyte","Monocyte",0.0712006397584206
"GCTTAACTACAGTC-1","Pre-B_cell_CD34-","Pre-B_cell_CD34-",0.0906956117520557
"GCTTAACTACTGGT-1","T_cells","T_cells",0.0813289343517707
"GCTTAACTGCTGAT-1","T_cells","T_cells",0.223545027320289
"GCTTAACTTAGACC-1","Monocyte","Monocyte",0.126470450096517
"GCTTAACTTCAGTG-1","T_cells","T_cells",0.0820646293131883
"GGAACACTCACTTT-1","Monocyte","Monocyte",0.0819392491398588
"GGAACACTTCAGAC-1","Platelets","Platelets",0.0584636655630639
"GGAACTACTACTTC-1","T_cells","T_cells",0.0501210400916741
"GGAACTTGAAGGTA-1","Monocyte","Monocyte",0.0260768779288387
"GGAACTTGAGAATG-1","T_cells","T_cells",0.0853140648331392
"GGAACTTGCTCCAC-1","Monocyte","Monocyte",0.128888923647703
"GGAACTTGGGTAGG-1","B_cell","B_cell",0.287272829739946
"GGAAGGACATCGGT-1","Monocyte","Monocyte",0.0590185076581661
"GGAAGGACCACTAG-1","T_cells","T_cells",0.0954149308271651
"GGAAGGACGAGGGT-1","T_cells","T_cells",0.137335004743749
"GGAAGGACGCGAAG-1","T_cells","T_cells",0.0628520562622872
"GGAAGGTGGCGAGA-1","NK_cell","NK_cell",0.164062153717617
"GGAATCTGAAGGGC-1","T_cells","T_cells",0.0792512123976367
"GGAATCTGAGGAGC-1","T_cells","T_cells",0.188371723147489
"GGAATCTGCTTAGG-1","B_cell","B_cell",0.145050988747159
"GGAATCTGCTTGTT-1","Monocyte","Monocyte",0.134819862764924
"GGAATCTGGGAGGT-1","T_cells","T_cells",0.213333291293073
"GGAATGCTTTCTAC-1","T_cells","T_cells",0.110426430094954
"GGACAGGAAAGGGC-1","NK_cell","NK_cell",0.0056987551847934
"GGACAGGAGTGCTA-1","B_cell","B_cell",0.0515358558961734
"GGACAGGATCTCGC-1","T_cells","T_cells",0.0612941521633402
"GGACCCGAAGCTAC-1","Monocyte","Monocyte",0.130320036596
"GGACCGTGCTTACT-1","Monocyte","Monocyte",0.0357627427553948
"GGACCGTGGGAACG-1","Monocyte","Monocyte",0.0808848794538034
"GGACCGTGTAACGC-1","T_cells","T_cells",0.0623439337195165
"GGACCTCTGTAAGA-1","Monocyte","Monocyte",0.111132798677071
"GGACCTCTTTTCTG-1","T_cells","T_cells",0.0129960829750094
"GGACGAGAGTGTCA-1","Monocyte","Monocyte",0.0251947835824033
"GGACGCTGACGCAT-1","T_cells","T_cells",0.0434762211599879
"GGACGCTGCTAGCA-1","T_cells","T_cells",0.127129774496026
"GGACGCTGTCCTCG-1","NK_cell","NK_cell",0.0826109732771946
"GGAGAGACGTGAGG-1","T_cells","T_cells",0.246717311875977
"GGAGCAGATTCAGG-1","B_cell","B_cell",0.0520209243705786
"GGAGCCACCTTCTA-1","B_cell","B_cell",0.277113040581051
"GGAGCGCTACGCAT-1","Monocyte","Monocyte",0.140456123591572
"GGAGCGCTCCGAAT-1","T_cells","T_cells",0.0612299922838498
"GGAGGATGCCACCT-1","T_cells","T_cells",0.119610540604842
"GGAGGATGGTTGAC-1","Monocyte","Monocyte",0.0248082292223498
"GGAGGATGTCAGTG-1","Pre-B_cell_CD34-","Pre-B_cell_CD34-",0.00466060317913633
"GGAGGCCTCGTTGA-1","NK_cell","NK_cell",0.054710114997401
"GGAGGCCTTTCTTG-1","T_cells","T_cells",0.156104810889207
"GGAGGTGATACGCA-1","T_cells","T_cells",0.181688409619007
"GGAGGTGATCGCTC-1","T_cells","T_cells",0.229331094777569
"GGATACTGCAGCTA-1","T_cells","T_cells",0.0857438184631606
"GGATACTGTCTAGG-1","T_cells","T_cells",0.0836257603024123
"GGATAGCTCGTCTC-1","T_cells","T_cells",0.0859702372788583
"GGATAGCTCTGAAC-1","T_cells","T_cells",0.0641514512853509
"GGATGTACCAAAGA-1","B_cell","B_cell",0.0911085658019846
"GGATGTACGCGAAG-1","T_cells","T_cells",0.129858802325896
"GGATGTACGTCTTT-1","Monocyte","Monocyte",0.0294278779163755
"GGATGTACGTGTCA-1","T_cells","T_cells",0.0802446620363023
"GGATTTCTAGGTTC-1","T_cells","T_cells",0.0575068171824531
"GGATTTCTTTGTCT-1","Monocyte","Monocyte",0.115112538139353
"GGCAAGGAAAAAGC-1","NK_cell","NK_cell",0.145444295542276
"GGCAAGGAAGAAGT-1","T_cells","T_cells",0.0644388068088692
"GGCAAGGACTTGGA-1","Monocyte","Monocyte",0.0433007826365419
"GGCAAGGAGGACTT-1","T_cells","T_cells",0.0827429146928186
"GGCAATACGCTAAC-1","B_cell","B_cell",0.123475935819156
"GGCAATACGGCATT-1","T_cells","T_cells",0.0263052356259548
"GGCAATACGTTTCT-1","B_cell","B_cell",0.5669319461354
"GGCACGTGGCTTAG-1","Monocyte","Monocyte",0.0447435259937336
"GGCACTCTTTTGTC-1","T_cells","T_cells",0.128401279912908
"GGCATATGCTTATC-1","NK_cell","NK_cell",0.0864957749588968
"GGCATATGGGGAGT-1","Platelets","Platelets",0.0773466757387691
"GGCATATGTGTGAC-1","T_cells","T_cells",0.228521757796173
"GGCCACGACAGAGG-1","T_cells","T_cells",0.0675853196287733
"GGCCAGACTGGTTG-1","T_cells","T_cells",0.184168715500865
"GGCCCAGAAAGTAG-1","Monocyte","Monocyte",0.135505394023897
"GGCCGAACAACGAA-1","T_cells","T_cells",0.141503962977205
"GGCCGAACGCAGAG-1","T_cells","T_cells",0.0547268450588616
"GGCCGAACGTAGGG-1","T_cells","T_cells",0.162261583464739
"GGCCGAACTCTAGG-1","NK_cell","NK_cell",0.143160170882642
"GGCCGATGCAGGAG-1","T_cells","T_cells",0.24100338063853
"GGCCGATGCCGAAT-1","T_cells","T_cells",0.237176814610594
"GGCCGATGTACTCT-1","T_cells","T_cells",0.0657022592243527
"GGCGACACTGCCCT-1","NK_cell","NK_cell",0.00620613961529365
"GGCGACTGCGTAAC-1","T_cells","T_cells",0.413262160559018
"GGCGCATGCCTAAG-1","Monocyte","Monocyte",0.106449429580524
"GGCGCATGCTCCAC-1","T_cells","T_cells",0.328936798161533
"GGCGCATGTGGAAA-1","T_cells","T_cells",0.098910486374808
"GGCGGACTAGAGGC-1","T_cells","T_cells",0.0946077623045223
"GGCGGACTAGGAGC-1","T_cells","T_cells",0.0979521762700168
"GGCGGACTCTGACA-1","T_cells","T_cells",0.101574528044177
"GGCGGACTCTTGGA-1","T_cells","T_cells",0.151181911620107
"GGCGGACTTACTGG-1","T_cells","T_cells",0.0924601056998595
"GGCGGACTTGAACC-1","T_cells","T_cells",0.0741351735567566
"GGCTAAACACCTGA-1","NK_cell","NK_cell",0.148701144115204
"GGCTAAACTCTTAC-1","T_cells","T_cells",0.165963892456252
"GGCTAATGAGCACT-1","T_cells","T_cells",0.183593142624874
"GGCTAATGGTCTAG-1","T_cells","T_cells",0.414424711114939
"GGCTCACTACTCAG-1","Monocyte","Monocyte",0.0770063323143291
"GGGAACGAAGCTCA-1","Monocyte","Monocyte",0.0724122999358434
"GGGAACGACACAAC-1","B_cell","B_cell",0.0516938385777242
"GGGAACGAGTGTCA-1","Monocyte","Monocyte",0.0554611811441416
"GGGAAGTGTTGAGC-1","Monocyte","Monocyte",0.213432273331486
"GGGACCACACGTTG-1","T_cells","T_cells",0.163148011294447
"GGGACCACAGAACA-1","T_cells","T_cells",0.200868323197869
"GGGACCACGAATAG-1","T_cells","T_cells",0.118231739878874
"GGGACCACGTCATG-1","T_cells","T_cells",0.158775785820249
"GGGACCACTCAAGC-1","T_cells","T_cells",0.142366296141976
"GGGACCACTCGTGA-1","T_cells","T_cells",0.0612096580741212
"GGGACCACTGCATG-1","T_cells","T_cells",0.223432463272312
"GGGACCTGACCCTC-1","Monocyte","Monocyte",0.098808530872709
"GGGACCTGCTTGCC-1","T_cells","T_cells",0.156699616253227
"GGGACCTGTGGAGG-1","B_cell","B_cell",0.277638685925068
"GGGATGGACGACAT-1","B_cell","B_cell",0.0554569193289606
"GGGATGGATACTTC-1","T_cells","T_cells",0.0787167255761528
"GGGATGGATGGTTG-1","Monocyte","Monocyte",0.0634936248644933
"GGGATTACGTCTAG-1","T_cells","T_cells",0.16187229318349
"GGGCAAGATGCATG-1","Monocyte","Monocyte",0.0418023876441363
"GGGCACACGGTGAG-1","T_cells","T_cells",0.194950377916247
"GGGCACACGTTGCA-1","T_cells","T_cells",0.216955168905286
"GGGCAGCTTGGGAG-1","NK_cell","NK_cell",0.0607092296132757
"GGGCAGCTTTTCTG-1","T_cells","T_cells",0.197626741152732
"GGGCCAACCTTGGA-1","Monocyte","Monocyte",0.0210237089963755
"GGGCCAACGCGTTA-1","B_cell","B_cell",0.133226243684266
"GGGCCAACTACGCA-1","Monocyte","Monocyte",0.0802349379190704
"GGGCCAACTCCAAG-1","B_cell","B_cell",0.079811343487944
"GGGCCATGATGGTC-1","T_cells","T_cells",0.147135901675364
"GGGCCATGTTGACG-1","T_cells","T_cells",0.112955904437043
"GGGTAACTCAGCTA-1","T_cells","T_cells",0.195216552662301
"GGGTAACTCTAGTG-1","B_cell","B_cell",0.347402179851262
"GGGTAACTCTGGAT-1","T_cells","T_cells",0.0637176200405098
"GGGTTAACGTGCAT-1","NK_cell","NK_cell",0.222864315970424
"GGTAAAGAGCTAAC-1","NK_cell","NK_cell",0.00108719012824432
"GGTACAACTGCAAC-1","T_cells","T_cells",0.175436167048345
"GGTACATGAAAGCA-1","B_cell","B_cell",0.176258009615012
"GGTACATGAGCTCA-1","T_cells","T_cells",0.0817197491892704
"GGTACATGCGGTAT-1","T_cells","T_cells",0.0906786612549792
"GGTACATGGTTACG-1","T_cells","T_cells",0.0921770089951739
"GGTACATGTGGGAG-1","T_cells","T_cells",0.0615655722968849
"GGTACTGAACTCTT-1","Monocyte","Monocyte",0.0836669079875559
"GGTAGTACACCACA-1","T_cells","T_cells",0.0559940764142692
"GGTAGTACACTAGC-1","Monocyte","Monocyte",0.0899043838792554
"GGTAGTACCCTGTC-1","T_cells","T_cells",0.243808779456921
"GGTAGTACGCCATA-1","Monocyte","Monocyte",0.0424016604923233
"GGTAGTACTGTCTT-1","T_cells","T_cells",0.0962593856007679
"GGTATCGAGACAAA-1","Monocyte",NA,0.12207164602385
"GGTATCGATGAACC-1","B_cell","B_cell",0.115839038049475
"GGTCAAACCAAAGA-1","T_cells","T_cells",0.135202154763668
"GGTCTAGAGAAACA-1","Monocyte","Monocyte",0.0142245563384394
"GGTCTAGATAGCGT-1","Monocyte","Monocyte",0.32685460614139
"GGTGATACCGACTA-1","B_cell","B_cell",0.158283705672233
"GGTGATACGACTAC-1","Monocyte","Monocyte",0.0704559290848252
"GGTGATACTGTTTC-1","T_cells","T_cells",0.532478295065334
"GGTGGAGAAACGGG-1","NK_cell","NK_cell",0.109703078591326
"GGTGGAGAAGTAGA-1","T_cells","T_cells",0.141927543127387
"GGTGGAGACAGATC-1","NK_cell","NK_cell",0.195526566525311
"GGTGGAGATCGATG-1","T_cells","T_cells",0.0754153982544484
"GGTGGAGATCTCTA-1","Monocyte","Monocyte",0.157732856834305
"GGTGGAGATTACTC-1","T_cells","T_cells",0.0546705182974594
"GGTTTACTACGCAT-1","T_cells","T_cells",0.0766945474154638
"GTAACGTGACCTCC-1","Monocyte","Monocyte",0.388001723270694
"GTAACGTGATCGGT-1","B_cell","B_cell",0.0984058744604108
"GTAACGTGCAGCTA-1","B_cell","B_cell",0.401418637729629
"GTAACGTGGTTGAC-1","B_cell","B_cell",0.106412532135174
"GTAAGCACAACGGG-1","T_cells","T_cells",0.460625241458025
"GTAAGCACTCATTC-1","B_cell","B_cell",0.235945693830492
"GTAAGCTGGTACCA-1","Pre-B_cell_CD34-","Pre-B_cell_CD34-",0.0122095817878045
"GTAATAACCTTCTA-1","Monocyte","Monocyte",0.0639038060079698
"GTAATAACGTTGTG-1","T_cells","T_cells",0.150803570226295
"GTACCCTGACAGTC-1","Monocyte","Monocyte",0.0981177525972102
"GTACCCTGGAGCTT-1","T_cells","T_cells",0.113005321374215
"GTACCCTGTCCTTA-1","T_cells","T_cells",0.0494352544800011
"GTACCCTGTGAACC-1","T_cells","T_cells",0.135214943895657
"GTACGTGAACGTTG-1","T_cells","T_cells",0.0521611280674799
"GTACTTTGTCGACA-1","T_cells","T_cells",0.0546779922590299
"GTAGACTGAGATGA-1","Pre-B_cell_CD34-","Pre-B_cell_CD34-",0.000169339956410108
"GTAGACTGTATTCC-1","T_cells","T_cells",0.2159671839907
"GTAGCAACAGTCGT-1","Monocyte","Monocyte",0.11998313897906
"GTAGCAACCATTTC-1","B_cell","B_cell",0.476587822086344
"GTAGCAACGGTAGG-1","Monocyte","Monocyte",0.275537508878219
"GTAGCATGCACTCC-1","B_cell","B_cell",0.268094191078792
"GTAGCATGTAAGCC-1","Monocyte","Monocyte",0.0285045493852624
"GTAGCCCTGACGTT-1","T_cells","T_cells",0.0753196261284811
"GTAGCTGAAGCTAC-1","Monocyte","Monocyte",0.0674346002775236
"GTAGCTGAATTCGG-1","T_cells","T_cells",0.168999523364534
"GTAGGTACACGGGA-1","Monocyte","Monocyte",0.0795882265607553
"GTAGTGACCTCATT-1","T_cells","T_cells",0.0558368047829408
"GTAGTGTGAGCGGA-1","NK_cell","NK_cell",0.117239410335273
"GTAGTGTGAGGCGA-1","Monocyte","Monocyte",0.0709189506106931
"GTAGTGTGTGGTTG-1","T_cells","T_cells",0.0942825258604638
"GTATCACTGGTAGG-1","Monocyte","Monocyte",0.159490768152415
"GTATCTACAGAAGT-1","T_cells","T_cells",0.0506961523573171
"GTATCTACGACGAG-1","T_cells","T_cells",0.0826114034900179
"GTATCTACGTTACG-1","T_cells","T_cells",0.176675000014911
"GTATTAGAAACAGA-1","T_cells","T_cells",0.180137362739796
"GTATTAGAGGTCTA-1","T_cells","T_cells",0.10453873133167
"GTATTCACACAGCT-1","T_cells","T_cells",0.0914117487741885
"GTATTCACGGGTGA-1","T_cells","T_cells",0.120535884326101
"GTCAACGACACTGA-1","T_cells","T_cells",0.57978441283143
"GTCAACGAGTGTAC-1","Monocyte","Monocyte",0.0607759029068336
"GTCAATCTACACCA-1","T_cells","T_cells",0.185669197811672
"GTCAATCTGTAGCT-1","T_cells","T_cells",0.0725120768420774
"GTCAATCTTGTGGT-1","T_cells","T_cells",0.554569211271748
"GTCACCTGCCTCCA-1","T_cells","T_cells",0.220155885977429
"GTCACCTGTCCCGT-1","T_cells","T_cells",0.210155604688901
"GTCATACTAATCGC-1","B_cell","B_cell",0.0789680820592512
"GTCATACTGCGATT-1","NK_cell","NK_cell",0.0535871630411135
"GTCATACTTCGCCT-1","Platelets","Platelets",0.388002582275389
"GTCATACTTTACCT-1","T_cells","T_cells",0.172847817546479
"GTCATACTTTGACG-1","T_cells","T_cells",0.266110332122224
"GTCCAAGAAAAACG-1","T_cells","T_cells",0.0804055611107067
"GTCCACTGACCTCC-1","T_cells","T_cells",0.17110524545855
"GTCCACTGGGTACT-1","Monocyte","Monocyte",0.305476642227575
"GTCCAGCTACGGGA-1","T_cells","T_cells",0.183710478943725
"GTCCCATGTGGTGT-1","Monocyte","Monocyte",0.136268672441158
"GTCGAATGAAGGCG-1","Monocyte","Monocyte",0.121337800483542
"GTCGACCTGAATGA-1","NK_cell","NK_cell",0.0867955975892077
"GTCGACCTGTTCAG-1","T_cells","T_cells",0.113574284286925
"GTCGCACTTGAGAA-1","B_cell","B_cell",0.486260983760641
"GTCTAACTGGTCTA-1","Monocyte","Monocyte",0.0868267169830697
"GTCTAGGAGCTTCC-1","Monocyte","Monocyte",0.0174640906552067
"GTGAACACACTCTT-1","T_cells","T_cells",0.25360921914476
"GTGAACACTCAGGT-1","T_cells","T_cells",0.0536626410342161
"GTGACCCTTAAGCC-1","T_cells","T_cells",0.0949802850410347
"GTGATGACAAGTGA-1","T_cells","T_cells",0.243238874862682
"GTGATGACCTGAGT-1","B_cell","B_cell",0.424523578510936
"GTGATGACGGTTTG-1","T_cells","T_cells",0.0798031123378743
"GTGATTCTCATTTC-1","T_cells","T_cells",0.106129337974922
"GTGATTCTCTCTCG-1","Monocyte","Monocyte",0.131916298197711
"GTGATTCTGGTTCA-1","NK_cell","NK_cell",0.0761929956438116
"GTGATTCTGTCGAT-1","T_cells","T_cells",0.0680159560425943
"GTGATTCTTAGCGT-1","B_cell","B_cell",0.0582018471319009
"GTGCCACTCAGGAG-1","T_cells","T_cells",0.121086859124596
"GTGGATTGCACTAG-1","Monocyte","Monocyte",0.156709532725767
"GTGGATTGCGGAGA-1","T_cells","T_cells",0.12386054863957
"GTGGATTGTAACGC-1","T_cells","T_cells",0.249838159565348
"GTGTACGATCAGTG-1","T_cells","T_cells",0.0978951793352855
"GTGTAGTGGGTACT-1","T_cells","T_cells",0.111169838524578
"GTGTATCTAGCCTA-1","B_cell","B_cell",0.168106511195515
"GTGTATCTAGTAGA-1","T_cells","T_cells",0.0301895219740263
"GTGTATCTGTTACG-1","B_cell","B_cell",0.417693066665653
"GTGTCAGAAGCGTT-1","T_cells","T_cells",0.0635206683992366
"GTTAAAACCGAGAG-1","NK_cell","NK_cell",0.128233935336279
"GTTAAATGCTCGAA-1","T_cells","T_cells",0.107686018465131
"GTTAAATGTCGACA-1","B_cell","B_cell",0.415111678477457
"GTTAACCTAGCTAC-1","T_cells","T_cells",0.110009561980637
"GTTAACCTTGCTTT-1","Monocyte","Monocyte",0.138316875584239
"GTTAGGTGCACTCC-1","T_cells","T_cells",0.0560397667546853
"GTTAGGTGCCAGTA-1","Monocyte","Monocyte",0.0609747807913048
"GTTAGGTGCCCAAA-1","Monocyte","Monocyte",0.125283445935009
"GTTAGGTGGAACTC-1","B_cell","B_cell",0.0620489022738943
"GTTAGTCTAAGAAC-1","T_cells","T_cells",0.0673353388910217
"GTTATAGAGGACAG-1","T_cells","T_cells",0.0675344935748428
"GTTATGCTTTCATC-1","T_cells","T_cells",0.30192667587706
"GTTCAACTGGGACA-1","NK_cell","NK_cell",0.0546798321300365
"GTTCAACTTATGCG-1","T_cells","T_cells",0.171481013930073
"GTTGACGAGCCCTT-1","T_cells","T_cells",0.0535777891596836
"GTTGACGATATCGG-1","NK_cell","NK_cell",0.191536094526335
"GTTGAGTGGTCTTT-1","Monocyte","Monocyte",0.0780204907876646
"GTTGAGTGTGCTTT-1","T_cells","T_cells",0.196734714085467
"GTTGATCTGGGACA-1","T_cells",NA,0.0194914224893692
"GTTGATCTTTTCAC-1","T_cells","T_cells",0.0564756944704182
"GTTGGATGTTTACC-1","Monocyte","Monocyte",0.0999671932609587
"GTTGTACTATTCCT-1","Monocyte","Monocyte",0.127355725218909
"GTTGTACTTTTGGG-1","T_cells","T_cells",0.218889921407479
"GTTTAAGACCATGA-1","Monocyte","Monocyte",0.0735824220202691
"GTTTAAGACTGTCC-1","T_cells","T_cells",0.121362856941113
"TAAACAACCAACCA-1","T_cells","T_cells",0.218385579368965
"TAAACAACGAATCC-1","B_cell","B_cell",0.102466712031837
"TAAAGACTCAGGAG-1","T_cells","T_cells",0.199656043368755
"TAAATCGATGAGGG-1","T_cells","T_cells",0.0988387305610549
"TAACAATGTGCCCT-1","B_cell","B_cell",0.134122433963574
"TAACACCTTCGCTC-1","Monocyte","Monocyte",0.209927608152145
"TAACACCTTCGTAG-1","Monocyte","Monocyte",0.0860730158680182
"TAACACCTTGTTTC-1","Platelets","Platelets",0.101303891909124
"TAACATGACACTAG-1","T_cells","T_cells",0.088665415617282
"TAACCGGACTTACT-1","T_cells","T_cells",0.145840237389738
"TAACGTCTCAACCA-1","Monocyte","Monocyte",0.14811802159028
"TAACGTCTCATTGG-1","T_cells","T_cells",0.225581318293152
"TAACTAGAATTTCC-1","T_cells","T_cells",0.195232985337982
"TAACTAGACTTAGG-1","T_cells","T_cells",0.239985656656428
"TAACTAGATCTGGA-1","T_cells","T_cells",0.197755961331222
"TAACTCACGAGGAC-1","Monocyte","Monocyte",0.065307574243669
"TAACTCACGTACAC-1","B_cell","B_cell",0.15471951056036
"TAACTCACGTATCG-1","Pre-B_cell_CD34-","Pre-B_cell_CD34-",0.0569504216357987
"TAACTCACTCTACT-1","NK_cell","NK_cell",0.0622410603943561
"TAAGAACTGTGTCA-1","Monocyte","Monocyte",0.053713842179695
"TAAGAGGACTAAGC-1","B_cell","B_cell",0.0921033845461533
"TAAGAGGACTTGTT-1","NK_cell","NK_cell",0.0705009499511541
"TAAGATACGGTTCA-1","Monocyte","Monocyte",0.0536622466943507
"TAAGATTGCGTAGT-1","T_cells","T_cells",0.191807492985642
"TAAGATTGTTGCTT-1","T_cells","T_cells",0.0501265089213498
"TAAGCGTGAGGTTC-1","Monocyte","Monocyte",0.0867998917746265
"TAAGCGTGGACAAA-1","Monocyte","Monocyte",0.218955249470277
"TAAGCGTGGGAAAT-1","T_cells","T_cells",0.0784384856233824
"TAAGCGTGTGCTCC-1","Monocyte","Monocyte",0.0859304833790717
"TAAGGCTGCCATGA-1","T_cells","T_cells",0.0571889927469914
"TAAGGCTGCTGCTC-1","T_cells","T_cells",0.51161236964331
"TAAGGCTGTCTCGC-1","Monocyte","Monocyte",0.152330772367472
"TAAGGGCTGCTGTA-1","T_cells","T_cells",0.0503218193593732
"TAAGGGCTTTACTC-1","T_cells","T_cells",0.0861139731602425
"TAAGTAACCGAGAG-1","B_cell","B_cell",0.321803700024883
"TAAGTAACCTCCAC-1","B_cell","B_cell",0.516150364451488
"TAAGTAACCTGTAG-1","T_cells","T_cells",0.0659124440310758
"TAAGTAACTTGTCT-1","T_cells","T_cells",0.0981159588963011
"TAATGATGAGCGGA-1","T_cells","T_cells",0.109384781705256
"TAATGCCTCATGAC-1","T_cells","T_cells",0.197498008389978
"TAATGCCTCGTCTC-1","NK_cell","NK_cell",0.410656875312135
"TAATGTGAAGATGA-1","T_cells","T_cells",0.0591654792504347
"TAATGTGACTGCAA-1","Monocyte","Monocyte",0.0792195262358025
"TAATGTGATTACTC-1","T_cells","T_cells",0.0896330249306446
"TACAAATGGGTACT-1","T_cells","T_cells",0.222668541050513
"TACAATGAAAACAG-1","Monocyte","Monocyte",0.0828975903307941
"TACAATGACTTAGG-1","T_cells","T_cells",0.062162689269735
"TACAATGATGCTAG-1","T_cells","T_cells",0.0673697429841736
"TACACACTCACACA-1","T_cells","T_cells",0.266628967501807
"TACACACTCTTACT-1","T_cells","T_cells",0.199647711644096
"TACATAGAACGCAT-1","T_cells","T_cells",0.0797719212813744
"TACATCACACGGGA-1","T_cells","T_cells",0.151280231961875
"TACATCACCTGTTT-1","Monocyte","Monocyte",0.0837068661656717
"TACATCACGCTAAC-1","B_cell","B_cell",0.430644234155703
"TACATCACTGAACC-1","Monocyte","Monocyte",0.129948734424195
"TACCATTGAGGTTC-1","T_cells","T_cells",0.104547271527544
"TACCATTGCGGGAA-1","Monocyte","Monocyte",0.117772022410003
"TACCATTGGGGATG-1","Monocyte","Monocyte",0.0705403636608585
"TACCATTGTGAGGG-1","Pre-B_cell_CD34-","Pre-B_cell_CD34-",0.0510474368117486
"TACCGGCTGTTGGT-1","T_cells","T_cells",0.117005873380279
"TACGAGTGATCTCT-1","T_cells","T_cells",0.0849528861439872
"TACGAGTGATGCTG-1","Monocyte","Monocyte",0.0663939435770488
"TACGAGTGCGGAGA-1","T_cells","T_cells",0.3131179865548
"TACGAGTGGTTGGT-1","T_cells","T_cells",0.0720116705327772
"TACGATCTAGTGTC-1","T_cells","T_cells",0.151925031135775
"TACGATCTCACTGA-1","Monocyte","Monocyte",0.0901388275417841
"TACGATCTTACGAC-1","T_cells","T_cells",0.0696937939023136
"TACGCAGAGAATCC-1","NK_cell","NK_cell",0.0555929489015645
"TACGCCACATTCCT-1","T_cells","T_cells",0.240221446987407
"TACGCCACTCCCAC-1","Monocyte","Monocyte",0.1632206939306
"TACGCCACTCCGAA-1","B_cell","B_cell",0.230690412585098
"TACGGAACGCGTTA-1","Pro-B_cell_CD34+","Pro-B_cell_CD34+",0.060108710339961
"TACGGCCTGGGACA-1","NK_cell","NK_cell",0.11581219733866
"TACGTACTACGGAG-1","T_cells","T_cells",0.131103275992903
"TACGTACTCAGTTG-1","T_cells","T_cells",0.254917738113659
"TACGTACTCCCGTT-1","B_cell","B_cell",0.123734793138715
"TACGTTACAGAAGT-1","Pre-B_cell_CD34-","Pre-B_cell_CD34-",0.0711622924604245
"TACGTTACCAAGCT-1","Monocyte","Monocyte",0.171173831165204
"TACTAAGAAAGGTA-1","B_cell","B_cell",0.0758361272364798
"TACTAAGAATCACG-1","T_cells","T_cells",0.0896533359991039
"TACTAAGATGATGC-1","Monocyte","Monocyte",0.0935269246629037
"TACTAAGATTGCGA-1","T_cells","T_cells",0.155838470060092
"TACTACACGAGAGC-1","T_cells","T_cells",0.25150369201613
"TACTACACTTACCT-1","B_cell","B_cell",0.0237570047450714
"TACTACTGAACCTG-1","Monocyte","Monocyte",0.0197937375077138
"TACTACTGATGTCG-1","T_cells","T_cells",0.0288008861668862
"TACTACTGATTCTC-1","T_cells","T_cells",0.193862320768677
"TACTACTGTATGGC-1","T_cells","T_cells",0.14669724290243
"TACTCAACGGTCTA-1","Pre-B_cell_CD34-","Pre-B_cell_CD34-",0.19810680337559
"TACTCAACTGCTAG-1","B_cell","B_cell",0.190453474120398
"TACTCCCTCAGTTG-1","T_cells","T_cells",0.296222571911592
"TACTCTGAATCGAC-1","NK_cell","NK_cell",0.0773305810345892
"TACTCTGACGAGTT-1","T_cells","T_cells",0.0984975147530833
"TACTCTGATTGACG-1","B_cell","B_cell",0.0640638711340293
"TACTGGGATCGATG-1","T_cells","T_cells",0.18086863440151
"TACTGTTGAAAGCA-1","T_cells","T_cells",0.190838319481618
"TACTGTTGAGGCGA-1","NK_cell","NK_cell",0.223008908339525
"TACTGTTGCTGAAC-1","B_cell","B_cell",0.0558595697661438
"TACTTGACTCCTCG-1","T_cells","T_cells",0.116452311397473
"TACTTGACTGGTGT-1","B_cell","B_cell",0.0673092137619301
"TACTTTCTTTTGGG-1","T_cells","T_cells",0.11936490971989
"TAGAAACTAATCGC-1","T_cells","T_cells",0.252333920185319
"TAGAAACTGCTTCC-1","Monocyte","Monocyte",0.0537433937928022
"TAGAAACTGGGATG-1","NK_cell","NK_cell",0.0918640811046401
"TAGAATTGCGACAT-1","T_cells","T_cells",0.148119152890404
"TAGAATTGTATCGG-1","T_cells","T_cells",0.269635711329297
"TAGACGTGCTTGAG-1","T_cells","T_cells",0.0841237522435705
"TAGACGTGTCGCTC-1","T_cells","T_cells",0.106144643564358
"TAGAGCACCTTACT-1","B_cell","B_cell",0.156313488607861
"TAGATTGACTTGTT-1","B_cell","B_cell",0.131348195069953
"TAGATTGAGGCATT-1","T_cells","T_cells",0.0828887911704612
"TAGCATCTCAGCTA-1","NK_cell","NK_cell",0.061035613633915
"TAGCATCTCCCTCA-1","T_cells","T_cells",0.208388870410558
"TAGCATCTGCTGTA-1","Monocyte","Monocyte",0.126990166078772
"TAGCATCTGGGACA-1","T_cells","T_cells",0.144007139111371
"TAGCATCTTGTCGA-1","T_cells","T_cells",0.312130720523854
"TAGCCCACAAAAGC-1","T_cells","T_cells",0.180583335184536
"TAGCCCACAGCCAT-1","T_cells","T_cells",0.124972291429569
"TAGCCCACAGCTAC-1","NK_cell","NK_cell",0.0856682986214031
"TAGCCCACCCACAA-1","T_cells","T_cells",0.130465712671003
"TAGCCCTGCGGAGA-1","T_cells","T_cells",0.0925710028394747
"TAGCCGCTTACGAC-1","T_cells","T_cells",0.217048641009533
"TAGCCGCTTACTTC-1","T_cells","T_cells",0.00549556984376759
"TAGCCGCTTTCCAT-1","Monocyte","Monocyte",0.270905924690162
"TAGCTACTGAATAG-1","B_cell","B_cell",0.22166186837617
"TAGCTACTGTAGCT-1","T_cells","T_cells",0.0879080178746625
"TAGCTACTTTTGCT-1","T_cells","T_cells",0.170284737768466
"TAGGACTGTGCTGA-1","T_cells","T_cells",0.0507663804058358
"TAGGAGCTAAGGCG-1","B_cell","B_cell",0.177130640573074
"TAGGAGCTGAGGGT-1","T_cells","T_cells",0.172841266000623
"TAGGAGCTTGCATG-1","B_cell","B_cell",0.098641011457675
"TAGGCAACCGTCTC-1","B_cell","B_cell",0.0672578715485102
"TAGGCATGCTCTCG-1","Pre-B_cell_CD34-","Pre-B_cell_CD34-",0.133467987524045
"TAGGCATGGCGAGA-1","T_cells","T_cells",0.117309639847427
"TAGGCTGATGCCTC-1","Monocyte","Monocyte",0.0731257340817948
"TAGGGACTGAACTC-1","NK_cell","NK_cell",0.0687162040653765
"TAGGTCGACACTGA-1","T_cells","T_cells",0.213654201107715
"TAGGTCGAGGATCT-1","B_cell","B_cell",0.33048752650568
"TAGGTGACACACTG-1","T_cells","T_cells",0.103904955302179
"TAGGTGACACGTTG-1","B_cell","B_cell",0.307224265957255
"TAGGTGTGTTCTGT-1","T_cells","T_cells",0.0896456939158438
"TAGGTTCTGAAGGC-1","T_cells","T_cells",0.160275224394844
"TAGGTTCTTCTTAC-1","Monocyte","Monocyte",0.106415181139327
"TAGGTTCTTGCTGA-1","Monocyte","Monocyte",0.0898888819566005
"TAGTAAACCTCGCT-1","T_cells","T_cells",0.160903286787931
"TAGTAAACGTCACA-1","T_cells","T_cells",0.153984013338558
"TAGTAATGAGATCC-1","T_cells","T_cells",0.0767927645829954
"TAGTACCTAAGAAC-1","Monocyte","Monocyte",0.154263369895916
"TAGTATGATCTTAC-1","B_cell","B_cell",0.052584442030982
"TAGTATGATTCTCA-1","T_cells","T_cells",0.103950540160805
"TAGTCTTGGCTGTA-1","T_cells",NA,0.0871623212925579
"TAGTCTTGGGACTT-1","T_cells","T_cells",0.0496005266955918
"TAGTCTTGTGGAAA-1","T_cells","T_cells",0.000530491973713965
"TAGTGGTGAAGTGA-1","NK_cell","NK_cell",0.202598551107885
"TAGTTAGAACCACA-1","NK_cell","NK_cell",0.0966296281695017
"TAGTTAGATGAACC-1","T_cells","T_cells",0.0663858544454208
"TATAAGACAACAGA-1","T_cells","T_cells",0.0892071426412292
"TATAAGACAGCTCA-1","Monocyte","Monocyte",0.100107858120423
"TATAAGTGACACCA-1","Monocyte","Monocyte",0.0983230170817838
"TATAAGTGTATCGG-1","Monocyte","Monocyte",0.0578218693632902
"TATAAGTGTGGTGT-1","Monocyte","Monocyte",0.0700527841101173
"TATACAGAACCCTC-1","T_cells","T_cells",0.080946382059428
"TATACAGAAGAACA-1","T_cells","T_cells",0.0711790103253032
"TATACAGATCCAGA-1","T_cells","T_cells",0.128597346347641
"TATACCACCTGATG-1","B_cell","B_cell",0.178198348181394
"TATACGCTACCAAC-1","T_cells","T_cells",0.105561116298446
"TATAGATGGACGGA-1","T_cells","T_cells",0.217807721947044
"TATAGATGTTCCGC-1","Monocyte","Monocyte",0.128787410319195
"TATCCAACCAGCTA-1","Pre-B_cell_CD34-","Pre-B_cell_CD34-",0.00418238839785773
"TATCCAACTCTCTA-1","T_cells","T_cells",0.104161834310637
"TATCGACTACTAGC-1","NK_cell","NK_cell",0.0524034143006079
"TATCGACTCGATAC-1","Monocyte","Monocyte",0.0761052580672936
"TATCGTACAGATGA-1","T_cells","T_cells",0.134000654893917
"TATCGTACATTCCT-1","Monocyte","Monocyte",0.117771300758834
"TATCTCGAGAGATA-1","T_cells","T_cells",0.0629464404623201
"TATCTGACAGGTTC-1","T_cells","T_cells",0.000652701972539749
"TATCTGACTGTTTC-1","T_cells","T_cells",0.0597772883402257
"TATCTTCTAAACAG-1","T_cells","T_cells",0.094249549331679
"TATGAATGGAGGAC-1","NK_cell","NK_cell",0.0334055936634295
"TATGAATGTTTGCT-1","Monocyte","Monocyte",0.0789289831953157
"TATGCGGATAACCG-1","T_cells","T_cells",0.0588685517052691
"TATGGGTGCATCAG-1","NK_cell","NK_cell",0.13418379038409
"TATGGGTGCTAGCA-1","B_cell","B_cell",0.153322055236677
"TATGGTCTCTACCC-1","T_cells","T_cells",0.0831073605204586
"TATGTCACGGAACG-1","B_cell","B_cell",0.355513453956063
"TATGTCACTAACCG-1","Monocyte","Monocyte",0.0857878725762031
"TATGTCACTTCTCA-1","B_cell","B_cell",0.0834880678180031
"TATGTGCTCCGATA-1","Monocyte","Monocyte",0.0561393703216994
"TATGTGCTGGATTC-1","T_cells","T_cells",0.196302512284403
"TATTGCTGAAGAAC-1","Pre-B_cell_CD34-","Pre-B_cell_CD34-",0.0210825825292409
"TATTGCTGCCGTTC-1","B_cell","B_cell",0.0736214388123728
"TATTGCTGTCTGGA-1","T_cells","T_cells",0.123498393643369
"TATTGCTGTGCACA-1","T_cells","T_cells",0.0691876678800731
"TATTTCCTATTGGC-1","Monocyte","Monocyte",0.0522264354427803
"TATTTCCTGGAGGT-1","NK_cell","NK_cell",0.0530462989921918
"TATTTCCTGGTGTT-1","T_cells","T_cells",0.0743165536796344
"TCAACACTGTTTGG-1","NK_cell","NK_cell",0.12072373472228
"TCAAGGACAGCGTT-1","T_cells","T_cells",0.091756626911964
"TCAAGGACATTCTC-1","T_cells","T_cells",0.0986339871255363
"TCAAGGACGGTGTT-1","Pre-B_cell_CD34-","Pre-B_cell_CD34-",0.0190152063608079
"TCAATCACACTCTT-1","T_cells","T_cells",0.0216739128917895
"TCAATCACAGTCGT-1","Monocyte","Monocyte",0.0633204390504878
"TCACAACTATGTGC-1","T_cells","T_cells",0.0973755718089331
"TCACAACTTTGCTT-1","Pre-B_cell_CD34-","Pre-B_cell_CD34-",0.144871383905297
"TCACATACACTTTC-1","T_cells","T_cells",0.0502398489790694
"TCACATACAGGGTG-1","T_cells","T_cells",0.051273761791632
"TCACCCGAGACGGA-1","Monocyte","Monocyte",0.316591414024293
"TCACCGTGCTCGCT-1","Pre-B_cell_CD34-","Pre-B_cell_CD34-",0.0851757494760167
"TCACCTCTACGACT-1","T_cells","T_cells",0.155970245311906
"TCACCTCTTCCAAG-1","Monocyte","Monocyte",0.0782500680594363
"TCACGAGAGGAGGT-1","B_cell","B_cell",0.050771949543942
"TCACTATGGGGCAA-1","T_cells","T_cells",0.125184141150929
"TCACTATGGTTGTG-1","B_cell","B_cell",0.11884370813372
"TCAGACGACGCTAA-1","T_cells","T_cells",0.113943626045556
"TCAGACGACGTTAG-1","NK_cell","NK_cell",0.0964652847164834
"TCAGAGACTCCAGA-1","T_cells","T_cells",0.219140283544805
"TCAGCAGACTCCAC-1","T_cells","T_cells",0.139392263102264
"TCAGCGCTCTAGTG-1","T_cells","T_cells",0.142933665633473
"TCAGCGCTGGATCT-1","B_cell","B_cell",0.243660400876738
"TCAGCGCTGGTATC-1","T_cells","T_cells",0.169710761541879
"TCAGGATGAAGTAG-1","T_cells","T_cells",0.355889283306213
"TCAGGATGCCTTTA-1","Monocyte","Monocyte",0.100234073126122
"TCAGTGGAAGATCC-1","NK_cell","NK_cell",0.0123000128125896
"TCAGTTACCTACGA-1","Monocyte","Monocyte",0.130440350905018
"TCAGTTACTAGAAG-1","T_cells","T_cells",0.159455992776407
"TCATCAACCCGATA-1","T_cells","T_cells",0.181943241389162
"TCATCAACTGTTCT-1","Monocyte","Monocyte",0.0998274534011603
"TCATCATGCAGTTG-1","T_cells","T_cells",0.0962313433953083
"TCATCCCTTACTGG-1","T_cells","T_cells",0.100224423852282
"TCATTCGATACAGC-1","Monocyte","Monocyte",0.186836375248846
"TCCACGTGGAAACA-1","T_cells","T_cells",0.140942974096281
"TCCACTCTACACTG-1","T_cells","T_cells",0.0964822185425979
"TCCACTCTGAGCTT-1","Monocyte","Monocyte",0.0750129843769253
"TCCACTCTTACTTC-1","B_cell","B_cell",0.135712505779616
"TCCATAACAAAGTG-1","T_cells","T_cells",0.11694091536439
"TCCATAACCGTAGT-1","B_cell","B_cell",0.0735041392295044
"TCCATAACGATGAA-1","T_cells","T_cells",0.221380123237275
"TCCATAACTACGCA-1","T_cells","T_cells",0.0904655631709656
"TCCATCCTCCCTAC-1","T_cells","T_cells",0.0844113929005514
"TCCCACGATCATTC-1","T_cells","T_cells",0.0817463887004342
"TCCCATCTCAAAGA-1","Monocyte","Monocyte",0.0819528488731667
"TCCCGAACACAGTC-1","NK_cell","NK_cell",0.089969450421337
"TCCCGAACTTCGCC-1","Monocyte","Monocyte",0.0694547430210186
"TCCCGATGAGATCC-1","T_cells","T_cells",0.0841427317104665
"TCCCGATGCCTGAA-1","Monocyte","Monocyte",0.0736331924157796
"TCCCTACTCAACTG-1","B_cell","B_cell",0.226049187123911
"TCCGAAGACAATCG-1","Monocyte","Monocyte",0.0350053320952235
"TCCGAAGACGTTAG-1","T_cells","T_cells",0.351328174224177
"TCCGGACTGAGGTG-1","T_cells","T_cells",0.110650704639667
"TCCGGACTGTACGT-1","T_cells","T_cells",0.00547935624422119
"TCCTAAACATCGAC-1","NK_cell",NA,0.0843137278837771
"TCCTAAACCGAGAG-1","T_cells","T_cells",0.0809880858656321
"TCCTAAACCGCATA-1","NK_cell","NK_cell",0.111982116165704
"TCCTAATGGTTTGG-1","NK_cell","NK_cell",0.0256517181282764
"TCCTACCTGTCGTA-1","T_cells","T_cells",0.0762898862787121
"TCCTATGAAAAGCA-1","T_cells","T_cells",0.0552416689827745
"TCGAATCTCTGGTA-1","T_cells","T_cells",0.0676418871658813
"TCGACCTGCCGATA-1","Monocyte","Monocyte",0.108323877982281
"TCGACGCTTCTATC-1","Monocyte","Monocyte",0.116948538080835
"TCGACGCTTTGACG-1","T_cells","T_cells",0.105652082521069
"TCGAGAACGACAGG-1","T_cells","T_cells",0.0549389381958136
"TCGAGAACGTTAGC-1","T_cells","T_cells",0.0616486369231323
"TCGAGCCTATCAGC-1","B_cell","B_cell",0.118653201924966
"TCGAGCCTGCGAGA-1","T_cells","T_cells",0.105169173640741
"TCGAGCCTTGTGAC-1","T_cells","T_cells",0.114969469783506
"TCGATACTATTCCT-1","T_cells","T_cells",0.0691386647119636
"TCGATACTTGCACA-1","T_cells","T_cells",0.0679110239180638
"TCGATTTGATGCCA-1","Monocyte","Monocyte",0.0143573342588059
"TCGATTTGCACTCC-1","T_cells","T_cells",0.0966950254155747
"TCGATTTGCAGCTA-1","NK_cell","NK_cell",0.178953770807956
"TCGATTTGCCTACC-1","Monocyte","Monocyte",0.0363097348933721
"TCGATTTGTCGTGA-1","B_cell","B_cell",0.142754940312049
"TCGCAGCTAGATCC-1","T_cells","T_cells",0.0719364012223319
"TCGCCATGAGACTC-1","T_cells","T_cells",0.545545695988029
"TCGCCATGTGGTCA-1","B_cell","B_cell",0.0796179011099919
"TCGGACCTAACAGA-1","T_cells","T_cells",0.29965489891453
"TCGGACCTATAAGG-1","B_cell","B_cell",0.0507046521330962
"TCGGACCTGTACAC-1","T_cells","T_cells",0.211291887793358
"TCGGTAGAGTAGGG-1","T_cells","T_cells",0.120378524716971
"TCGGTAGATCCCAC-1","B_cell","B_cell",0.216008738589079
"TCGTAGGATCGACA-1","T_cells","T_cells",0.114805150509957
"TCGTTATGGACAAA-1","T_cells","T_cells",0.159544645364908
"TCTAACACCAGTTG-1","NK_cell","NK_cell",0.0521942593976819
"TCTAACACGAGCAG-1","Pre-B_cell_CD34-","Pre-B_cell_CD34-",0.0755990091148719
"TCTAACTGAACCAC-1","T_cells","T_cells",0.229080988836016
"TCTAAGCTAATGCC-1","T_cells","T_cells",0.121687299411076
"TCTAAGCTTAGTCG-1","NK_cell","NK_cell",0.0188917782350474
"TCTAAGCTTCTAGG-1","Monocyte","Monocyte",0.107782809444599
"TCTAAGCTTGTTCT-1","Monocyte","Monocyte",0.0723197072931848
"TCTAAGCTTTCGCC-1","B_cell","B_cell",0.274514295235683
"TCTACAACGACTAC-1","Monocyte","Monocyte",0.24663136121643
"TCTAGACTTAGAAG-1","Monocyte","Monocyte",0.0867571058716768
"TCTAGTTGCACCAA-1","Monocyte","Monocyte",0.0912134673475766
"TCTATGTGAAGAGT-1","Monocyte","Monocyte",0.0294278779163755
"TCTATGTGAGTCTG-1","NK_cell","NK_cell",0.00227878109915966
"TCTCAAACCTAAGC-1","B_cell","B_cell",0.185348454332354
"TCTCTAGAATTTCC-1","T_cells","T_cells",0.109385369512015
"TCTGATACACGTGT-1","T_cells","T_cells",0.163881369185526
"TCTGATACTCGCCT-1","T_cells","T_cells",0.214451000242772
"TCTTACGAACCTGA-1","Monocyte","Monocyte",0.0638982175648398
"TCTTCAGAGCTACA-1","Monocyte","Monocyte",0.420041300611873
"TCTTGATGCGGAGA-1","NK_cell","NK_cell",0.0215364490181922
"TGAAATTGGTGAGG-1","Monocyte","Monocyte",0.0319532248646089
"TGAACCGAAAACGA-1","T_cells","T_cells",0.0751282142806067
"TGAACCGACTACTT-1","Monocyte","Monocyte",0.0854865685863789
"TGAACCGATTCGGA-1","Monocyte","Monocyte",0.141446818619355
"TGAAGCACTCACGA-1","T_cells","T_cells",0.0728990461356733
"TGAAGCTGAACGAA-1","T_cells","T_cells",0.0790174916989869
"TGAAGCTGCATGGT-1","B_cell","B_cell",0.156859821149304
"TGAAGCTGCGTAAC-1","T_cells","T_cells",0.159903245553716
"TGAATAACCACTTT-1","T_cells","T_cells",0.287671114152699
"TGAATAACTCCCAC-1","T_cells","T_cells",0.0394548946701547
"TGACACGACCTTAT-1","B_cell","B_cell",0.188754508857931
"TGACCAGACAACCA-1","T_cells","T_cells",0.160166457104679
"TGACCAGAGGATTC-1","T_cells","T_cells",0.190698507197708
"TGACCGCTAAAAGC-1","T_cells","T_cells",0.145384881238395
"TGACCGCTCTGCAA-1","T_cells","T_cells",0.15468622452832
"TGACGATGCAAAGA-1","Monocyte","Monocyte",0.00944170280321993
"TGACGCCTGTACCA-1","T_cells","T_cells",0.198410074101788
"TGACGCCTTTACTC-1","T_cells","T_cells",0.0820947849146718
"TGACTGGAAGAGAT-1","Monocyte","Monocyte",0.105407306031182
"TGACTGGACCGTAA-1","T_cells","T_cells",0.0870190912820328
"TGACTGGACGCAAT-1","T_cells","T_cells",0.177114320889567
"TGACTGGAGGACAG-1","B_cell","B_cell",0.174243927625041
"TGACTGGATTCTCA-1","T_cells","T_cells",0.112653013851557
"TGACTTACACACCA-1","T_cells","T_cells",0.098359995020598
"TGACTTACAGTCTG-1","Monocyte","Monocyte",0.0743383637969205
"TGACTTTGCGCATA-1","T_cells","T_cells",0.160984715707373
"TGACTTTGTTTGTC-1","T_cells","T_cells",0.0716653624018975
"TGAGACACAAGGTA-1","T_cells","T_cells",0.176707890109355
"TGAGACACTCAAGC-1","NK_cell","NK_cell",0.0172664130146818
"TGAGCTGAATGCTG-1","Monocyte","Monocyte",0.0247380482315553
"TGAGCTGACTGGAT-1","Monocyte","Monocyte",0.113931385040792
"TGAGCTGATGCTAG-1","Monocyte","Monocyte",0.0682462815124453
"TGAGGACTCTCATT-1","Monocyte","Monocyte",0.0620752196026877
"TGAGGACTTCATTC-1","T_cells","T_cells",0.46872288392405
"TGAGGTACGAACCT-1","Monocyte","Monocyte",0.315488066821187
"TGAGTCGAGTTACG-1","B_cell","B_cell",0.0860578155039481
"TGAGTGACTGAGCT-1","T_cells","T_cells",0.302705760103829
"TGATAAACGAATCC-1","T_cells","T_cells",0.0764372169343928
"TGATAAACTCCGTC-1","NK_cell","NK_cell",0.144028736009543
"TGATAAACTTTCAC-1","T_cells","T_cells",0.164980977934838
"TGATACCTCACTAG-1","Monocyte","Monocyte",0.0635020585530528
"TGATACCTGTTGGT-1","T_cells","T_cells",0.132275636232069
"TGATACCTTATGCG-1","T_cells","T_cells",0.0916117594140098
"TGATACCTTGAAGA-1","T_cells","T_cells",0.178163761987319
"TGATATGAACCTTT-1","T_cells","T_cells",0.585343569039063
"TGATCACTAGCATC-1","NK_cell",NA,0.0305188829201972
"TGATCACTCTCGCT-1","T_cells","T_cells",0.0909887397681167
"TGATCACTTCTACT-1","B_cell","B_cell",0.125562250149509
"TGATCGGACTGACA-1","Monocyte","Monocyte",0.163368314951223
"TGATCGGAGGAGCA-1","B_cell","B_cell",0.473158260605198
"TGATCGGATATGCG-1","Monocyte","Monocyte",0.181658232830787
"TGATTAGACATTGG-1","T_cells","T_cells",0.0745381856097216
"TGATTAGATGACTG-1","B_cell","B_cell",0.0688694015971176
"TGATTAGATGCTAG-1","T_cells","T_cells",0.201510542158419
"TGATTCACTATGCG-1","T_cells","T_cells",0.232598993208797
"TGATTCACTGTCAG-1","B_cell","B_cell",0.214872118351868
"TGATTCTGCCGAAT-1","T_cells","T_cells",0.0851256436444607
"TGATTCTGCTCTTA-1","T_cells","T_cells",0.146231315427678
"TGCAAGTGAGAACA-1","T_cells","T_cells",0.0793194960959622
"TGCAAGTGGGTAGG-1","Monocyte","Monocyte",0.182195294581662
"TGCAATCTTCAGGT-1","Monocyte","Monocyte",0.0490199136132062
"TGCACAGACGACAT-1","NK_cell","NK_cell",0.178124756213728
"TGCCAAGAGCAGTT-1","Pre-B_cell_CD34-","Pre-B_cell_CD34-",0.0557417076733598
"TGCCAAGATCTCTA-1","T_cells","T_cells",0.245492470183436
"TGCCACTGAACGTC-1","T_cells","T_cells",0.215863267919771
"TGCCACTGCGATAC-1","NK_cell","NK_cell",0.0839278954570767
"TGCCAGCTTGGCAT-1","T_cells","T_cells",0.192901789678797
"TGCCCAACAGCAAA-1","T_cells","T_cells",0.190346251167792
"TGCCCAACCGCATA-1","Monocyte","Monocyte",0.114874887420739
"TGCCGACTCTCCCA-1","B_cell","B_cell",0.189394952012095
"TGCGAAACAGTCAC-1","B_cell","B_cell",0.0950387715368495
"TGCGAAACGTTGCA-1","B_cell","B_cell",0.195523078908121
"TGCGATGAACGGTT-1","T_cells","T_cells",0.0678361884352367
"TGCGATGACCTCGT-1","T_cells","T_cells",0.127665951713072
"TGCGATGACTAGTG-1","B_cell","B_cell",0.159471028569872
"TGCGATGACTGCTC-1","B_cell","B_cell",0.261528552380509
"TGCGATGACTTGCC-1","B_cell","B_cell",0.116504630777237
"TGCGATGAGTGCTA-1","Monocyte","Monocyte",0.0661343188663813
"TGCGCACTCTTGAG-1","Monocyte","Monocyte",0.090657717446437
"TGCGTAGAATAAGG-1","Monocyte","Monocyte",0.0962769922057759
"TGCGTAGACGGGAA-1","B_cell","B_cell",0.208485146632281
"TGCGTAGATGGTCA-1","Monocyte","Monocyte",0.0700604320301756
"TGCTAGGAAACCGT-1","T_cells","T_cells",0.0779425219674915
"TGCTAGGATAGTCG-1","T_cells","T_cells",0.204775921420277
"TGCTATACGGTTCA-1","Monocyte","Monocyte",0.165614306326548
"TGCTATACTGCTGA-1","T_cells","T_cells",0.0045376018713893
"TGCTGAGAGAGCAG-1","NK_cell","NK_cell",0.161219253674789
"TGCTGAGATTATCC-1","T_cells","T_cells",0.142606429012829
"TGGAAAGACTCTCG-1","B_cell","B_cell",0.104953713666483
"TGGAAAGAGCGATT-1","T_cells","T_cells",0.177038262089604
"TGGAAAGAGGTCAT-1","Monocyte","Monocyte",0.089687827488725
"TGGAAAGATATGGC-1","T_cells","T_cells",0.0554879172623229
"TGGAACACAAACAG-1","NK_cell","NK_cell",0.0785663830614294
"TGGAACACGCTAAC-1","T_cells","T_cells",0.0503876182746106
"TGGAAGCTCAGATC-1","T_cells","T_cells",0.095357391394192
"TGGACCCTACACTG-1","Pre-B_cell_CD34-","Pre-B_cell_CD34-",1.11022302462516e-16
"TGGACCCTCATGGT-1","T_cells","T_cells",0.0760334845450333
"TGGACCCTGGTACT-1","Monocyte","Monocyte",0.238291903520047
"TGGACTGAGTATGC-1","T_cells","T_cells",0.455874548638577
"TGGAGACTATCAGC-1","Monocyte","Monocyte",0.154426643049673
"TGGAGACTTCAAGC-1","T_cells","T_cells",0.19743202146909
"TGGAGACTTGACCA-1","T_cells","T_cells",0.0869058548325079
"TGGAGGGACGGAGA-1","Monocyte","Monocyte",0.0586999124413676
"TGGAGGGAGCTATG-1","T_cells","T_cells",0.0516120086250053
"TGGATCGATAAAGG-1","T_cells","T_cells",0.075340746811507
"TGGATGTGACCTAG-1","B_cell","B_cell",0.0593934747312282
"TGGATGTGTGAAGA-1","B_cell","B_cell",0.224328798961695
"TGGATTCTCATACG-1","T_cells","T_cells",0.169517623733367
"TGGCAATGCTTGTT-1","B_cell","B_cell",0.0969674614334865
"TGGCACCTTCACGA-1","T_cells",NA,0.0585106237005173
"TGGCACCTTCAGTG-1","Monocyte","Monocyte",0.142032427618239
"TGGGTATGAAGAGT-1","T_cells","T_cells",0.0721866680697699
"TGGGTATGCACAAC-1","T_cells","T_cells",0.169734553867512
"TGGGTATGGTACGT-1","B_cell","B_cell",0.290681966409655
"TGGGTATGTTTGGG-1","Monocyte","Monocyte",0.110990263294279
"TGGTAGACATGCCA-1","T_cells","T_cells",0.0734376096541068
"TGGTAGACCCTCAC-1","NK_cell","NK_cell",0.0986869142701401
"TGGTAGACCTGATG-1","T_cells","T_cells",0.139958373103947
"TGGTAGTGCACTGA-1","Pre-B_cell_CD34-","Pre-B_cell_CD34-",0.0350274112706909
"TGGTATCTAAACAG-1","T_cells","T_cells",0.101141383369002
"TGGTATCTCTTCCG-1","T_cells","T_cells",0.453744641018049
"TGGTCAGACCCAAA-1","CMP",NA,0.088138279589779
"TGGTTACTGACGTT-1","Monocyte","Monocyte",0.143973073540726
"TGGTTACTGTTCTT-1","T_cells","T_cells",0.249795057209435
"TGTAACCTAGAGGC-1","T_cells","T_cells",0.108631788883815
"TGTAACCTTGCCTC-1","Monocyte","Monocyte",0.0837621614596369
"TGTAATGACACAAC-1","NK_cell","NK_cell",0.14714174354806
"TGTAATGAGGTAAA-1","NK_cell","NK_cell",0.146601409679352
"TGTACTTGCTCTAT-1","Monocyte","Monocyte",0.0850557336200638
"TGTAGGTGCGAGAG-1","B_cell","B_cell",0.100181306858378
"TGTAGGTGCTATGG-1","T_cells","T_cells",0.548551578225652
"TGTAGGTGCTCTAT-1","Monocyte","Monocyte",0.168183086362428
"TGTAGGTGTGCTGA-1","T_cells","T_cells",0.272615987189867
"TGTAGTCTTCCAGA-1","CMP","CMP",0.0521395065264829
"TGTAGTCTTGCACA-1","T_cells","T_cells",0.0584544053267088
"TGTATCTGTTAGGC-1","T_cells","T_cells",0.109721575153578
"TGTATGCTCATGGT-1","B_cell","B_cell",0.211125487194495
"TGTATGCTGTAGGG-1","T_cells","T_cells",0.0677431357905352
"TGTATGCTTTCATC-1","T_cells","T_cells",0.0817487195522608
"TGTCAGGAATACCG-1","T_cells","T_cells",0.10891501248234
"TGTCAGGAGATGAA-1","Monocyte","Monocyte",0.18611190400176
"TGTCTAACCCCTTG-1","T_cells","T_cells",0.145723930390355
"TGTGACGATTCTCA-1","T_cells","T_cells",0.134013578324849
"TGTGAGACTGTCAG-1","Monocyte","Monocyte",0.0282225694407783
"TGTGAGACTTGAGC-1","T_cells","T_cells",0.165527286455437
"TGTGAGTGACCACA-1","T_cells","T_cells",0.17400161053635
"TGTGAGTGAGTGCT-1","Monocyte","Monocyte",0.209671942471639
"TGTGAGTGGAGATA-1","T_cells","T_cells",0.0336681519920816
"TGTGATCTCTCTAT-1","B_cell","B_cell",0.10429245072997
"TGTGATCTGACACT-1","T_cells","T_cells",0.0664022403236339
"TGTGGATGGCCAAT-1","B_cell","B_cell",0.0792084047921752
"TGTTAAGACAAAGA-1","Monocyte","Monocyte",0.050146275571745
"TGTTAAGATAAGGA-1","Monocyte","Monocyte",0.130410873752322
"TGTTACACCGCATA-1","Monocyte","Monocyte",0.124570390859846
"TGTTACACGACTAC-1","Monocyte","Monocyte",0.139982695016385
"TGTTACTGGCTACA-1","T_cells","T_cells",0.113924547915297
"TGTTACTGTAGTCG-1","NK_cell","NK_cell",0.006506655292426
"TTAACCACCGTAAC-1","T_cells","T_cells",0.0886254182411107
"TTAACCACTAAGGA-1","T_cells","T_cells",0.109186279609541
"TTAACCACTCAGAC-1","T_cells","T_cells",0.17369530136059
"TTACACACGTGTTG-1","T_cells","T_cells",0.0632853937141418
"TTACACACTCCTAT-1","T_cells","T_cells",0.247128820899218
"TTACCATGAATCGC-1","Monocyte","Monocyte",0.00011120963126493
"TTACCATGGTTGAC-1","T_cells","T_cells",0.566285645484847
"TTACCATGTGTCTT-1","NK_cell","NK_cell",0.0799745864716445
"TTACCATGTTGTGG-1","B_cell","B_cell",0.15849174149273
"TTACGACTGAGAGC-1","T_cells","T_cells",0.167656478243279
"TTACGACTTGACAC-1","Monocyte","Monocyte",0.101607310311524
"TTACGTACGTTCAG-1","Platelets","Platelets",0.280275588968501
"TTACTCGAAGAATG-1","Monocyte","Monocyte",0.104757673729683
"TTACTCGACGCAAT-1","Monocyte","Monocyte",0.0790076175218966
"TTACTCGAGGGTGA-1","T_cells","T_cells",0.164082806123576
"TTACTCGATCTACT-1","NK_cell","NK_cell",0.173927469845244
"TTAGAATGTGGTGT-1","T_cells","T_cells",0.0622054554733942
"TTAGAATGTGTAGC-1","T_cells",NA,0.0826872332640522
"TTAGACCTCCTACC-1","T_cells","T_cells",0.264017648980214
"TTAGACCTCCTTTA-1","Monocyte","Monocyte",0.0611534076173978
"TTAGCTACAACCGT-1","T_cells","T_cells",0.0934876869702677
"TTAGCTACTGTCCC-1","Monocyte","Monocyte",0.069071624617793
"TTAGCTACTTTCGT-1","T_cells","T_cells",0.121621580662815
"TTAGGGACGCGAAG-1","T_cells","T_cells",0.0748055972660465
"TTAGGGTGCTGGAT-1","B_cell","B_cell",0.267908663419181
"TTAGGGTGTCCTGC-1","Monocyte","Monocyte",0.271817370926079
"TTAGGTCTACTTTC-1","Monocyte","Monocyte",0.121481569205807
"TTAGTCACCAGTTG-1","T_cells","T_cells",0.133589009809336
"TTAGTCTGAAAGCA-1","B_cell","B_cell",0.108069411250774
"TTAGTCTGCCAACA-1","NK_cell","NK_cell",0.211257649952898
"TTAGTCTGTGCACA-1","T_cells","T_cells",0.0955788058025548
"TTATCCGACTAGTG-1","B_cell","B_cell",0.0866598373923026
"TTATCCGAGAAAGT-1","Monocyte","Monocyte",0.0944357097223816
"TTATGAGAGATAAG-1","T_cells","T_cells",0.0567883419231377
"TTATGCACGTCACA-1","B_cell","B_cell",0.201202390520374
"TTATGGCTTATGGC-1","Monocyte","Monocyte",0.159624493628433
"TTATTCCTATGCTG-1","Monocyte","Monocyte",0.026981610902193
"TTATTCCTGGACAG-1","B_cell","B_cell",0.0840587000446726
"TTATTCCTGGTACT-1","B_cell","B_cell",0.17926596100497
"TTATTCCTTCGTGA-1","T_cells","T_cells",0.192899349058157
"TTCAAAGATAAAGG-1","T_cells","T_cells",0.0622965355447229
"TTCAACACAACAGA-1","T_cells","T_cells",0.154777011479478
"TTCAACACCCCAAA-1","Monocyte","Monocyte",0.120311528121837
"TTCAACACGGACGA-1","Monocyte","Monocyte",0.108190121186362
"TTCAAGCTAAGAAC-1","Monocyte","Monocyte",0.100869158190369
"TTCAAGCTAGATGA-1","T_cells","T_cells",0.173834911289262
"TTCAAGCTGTTGAC-1","T_cells","T_cells",0.0938633167772981
"TTCAAGCTTGATGC-1","T_cells","T_cells",0.128435317946514
"TTCAAGCTTTCGCC-1","T_cells","T_cells",0.124894716587466
"TTCACAACCCGTTC-1","Monocyte","Monocyte",0.119524351267682
"TTCACAACGTCTGA-1","Monocyte","Monocyte",0.137122995463036
"TTCAGACTACCCAA-1","T_cells",NA,0.107909299336204
"TTCAGACTCTCGAA-1","T_cells","T_cells",0.182443476532032
"TTCAGTACCGACTA-1","T_cells","T_cells",0.143169360598521
"TTCAGTACTCAAGC-1","T_cells","T_cells",0.447232718338433
"TTCAGTACTCCTAT-1","Monocyte","Monocyte",0.0559777218897544
"TTCAGTTGCCAAGT-1","T_cells","T_cells",0.1675204731507
"TTCAGTTGTCCTTA-1","Monocyte","Monocyte",0.103282594549231
"TTCAGTTGTCTAGG-1","T_cells","T_cells",0.0651152941300749
"TTCAGTTGTCTCGC-1","B_cell","B_cell",0.0425082011873282
"TTCATCGAGGTGGA-1","Monocyte","Monocyte",0.0782005488007222
"TTCATGTGTGGTGT-1","T_cells","T_cells",0.0933975077672471
"TTCATTCTATGTCG-1","Monocyte","Monocyte",0.0896206180647836
"TTCATTCTTCTCTA-1","T_cells","T_cells",0.0522709374034477
"TTCCAAACCTATGG-1","Monocyte","Monocyte",0.122559208539577
"TTCCAAACCTCCCA-1","B_cell","B_cell",0.114719598725355
"TTCCAAACTCCCAC-1","NK_cell","NK_cell",0.0970735005063607
"TTCCAAACTTGACG-1","T_cells","T_cells",0.0574123178438059
"TTCCATGACGAGAG-1","Pre-B_cell_CD34-","Pre-B_cell_CD34-",0.0732223987933601
"TTCCATGACTGTCC-1","T_cells","T_cells",0.0578208105882674
"TTCCCACTTGAGGG-1","NK_cell","NK_cell",0.231052799690545
"TTCCCACTTGTCTT-1","Monocyte","Monocyte",0.271975247266273
"TTCCTAGAAAGTGA-1","T_cells","T_cells",0.126223700739695
"TTCCTAGACTAGTG-1","Monocyte","Monocyte",0.0873272069165244
"TTCGAGGACTCTAT-1","T_cells","T_cells",0.230085009609792
"TTCGAGGAGGGCAA-1","T_cells","T_cells",0.15003510799885
"TTCGAGGATAGAAG-1","Monocyte","Monocyte",0.0192736330211807
"TTCGATTGAGCATC-1","T_cells","T_cells",0.101934104652618
"TTCGGAGAATGCCA-1","Monocyte","Monocyte",0.0689010562801406
"TTCGGAGATGTGCA-1","T_cells","T_cells",0.153003450434972
"TTCGTATGAAAAGC-1","T_cells","T_cells",0.0371551082535776
"TTCGTATGGATAGA-1","T_cells","T_cells",0.100728370162713
"TTCGTATGGTCTGA-1","T_cells","T_cells",0.0791734724684582
"TTCGTATGTCCTTA-1","Monocyte","Monocyte",0.242904240148233
"TTCTACGAACGTAC-1","T_cells","T_cells",0.262846782163592
"TTCTACGAGTTGGT-1","T_cells","T_cells",0.0866655791400647
"TTCTAGTGACACGT-1","T_cells","T_cells",0.408641995155696
"TTCTAGTGCATGAC-1","Monocyte","Monocyte",0.115668304195249
"TTCTAGTGGAGAGC-1","NK_cell","NK_cell",0.135973836211559
"TTCTAGTGGTCACA-1","Monocyte","Monocyte",0.0575447841850659
"TTCTCAGAAGAGAT-1","T_cells","T_cells",0.0506490286138749
"TTCTCAGAAGCATC-1","B_cell","B_cell",0.377389942352196
"TTCTCAGATGGAGG-1","T_cells","T_cells",0.189829683320859
"TTCTGATGGAGACG-1","NK_cell","NK_cell",0.261877983633784
"TTCTTACTCTGGAT-1","Monocyte","Monocyte",0.0537773009497156
"TTGAACCTCCTTGC-1","B_cell","B_cell",0.07251319403063
"TTGAATGAACTACG-1","Monocyte","Monocyte",0.11616425920612
"TTGAATGACTTACT-1","T_cells","T_cells",0.0958462569022038
"TTGAATGATCTCAT-1","B_cell","B_cell",0.307964979261253
"TTGACACTCTGTAG-1","T_cells","T_cells",0.203522612049134
"TTGACACTGATAAG-1","B_cell","B_cell",0.0563460407716035
"TTGAGGACAGAACA-1","Monocyte","Monocyte",0.0724866809728945
"TTGAGGACTACGCA-1","Monocyte","Monocyte",0.0731565270902966
"TTGAGGTGGACGGA-1","T_cells","T_cells",0.119818928698854
"TTGCATTGAGCTAC-1","T_cells","T_cells",0.105981754972859
"TTGCATTGCTAAGC-1","Monocyte","Monocyte",0.143171636995405
"TTGCATTGTGACTG-1","T_cells","T_cells",0.103163171952828
"TTGCTAACACCAAC-1","T_cells","T_cells",0.0576697499628061
"TTGCTAACACGCTA-1","Monocyte","Monocyte",0.106511970069471
"TTGCTAACCACTCC-1","T_cells","T_cells",0.0915523515046824
"TTGCTATGGTACGT-1","Monocyte","Monocyte",0.132852977015819
"TTGCTATGGTAGGG-1","Pre-B_cell_CD34-","Pre-B_cell_CD34-",0.0728903506032701
"TTGGAGACCAATCG-1","T_cells","T_cells",0.118867355421478
"TTGGAGACGCTATG-1","Monocyte","Monocyte",0.103510479538126
"TTGGAGACTATGGC-1","B_cell","B_cell",0.21891438321957
"TTGGGAACTGAACC-1","T_cells","T_cells",0.17723082490282
"TTGGTACTACTGGT-1","Monocyte","Monocyte",0.133282515984959
"TTGGTACTCTTAGG-1","T_cells","T_cells",0.0518124700770441
"TTGGTACTGAATCC-1","B_cell","B_cell",0.185706266906558
"TTGGTACTGGATTC-1","B_cell","B_cell",0.0536158164974797
"TTGTACACGTTGTG-1","B_cell","B_cell",0.141477299416013
"TTGTACACTTGCAG-1","T_cells","T_cells",0.0519188636701233
"TTGTAGCTAGCTCA-1","T_cells","T_cells",0.0857930529044852
"TTGTAGCTCTCTTA-1","B_cell","B_cell",0.264619490939844
"TTGTCATGGACGGA-1","NK_cell","NK_cell",0.123561885987727
"TTTAGAGATCCTCG-1","B_cell","B_cell",0.0758114426347065
"TTTAGCTGATACCG-1","T_cells","T_cells",0.260232649727337
"TTTAGCTGGATACC-1","Monocyte","Monocyte",0.120903773957744
"TTTAGCTGTACTCT-1","Monocyte","Monocyte",0.0650818081430035
"TTTAGGCTCCTTTA-1","Monocyte","Monocyte",0.147430268058539
"TTTATCCTGTTGTG-1","Monocyte","Monocyte",0.0710251582374788
"TTTCACGAGGTTCA-1","T_cells","T_cells",0.0570845314910317
"TTTCAGTGGAAGGC-1","T_cells","T_cells",0.067113617704448
"TTTCAGTGTCACGA-1","B_cell","B_cell",0.385230092052608
"TTTCAGTGTCTATC-1","Monocyte","Monocyte",0.0766433929550623
"TTTCAGTGTGCAGT-1","B_cell","B_cell",0.156010792511906
"TTTCCAGAGGTGAG-1","T_cells","T_cells",0.226257614733588
"TTTCGAACACCTGA-1","Pre-B_cell_CD34-","Pre-B_cell_CD34-",0.18025743675741
"TTTCGAACTCTCAT-1","Monocyte","Monocyte",0.124992484337462
"TTTCTACTGAGGCA-1","Pre-B_cell_CD34-","Pre-B_cell_CD34-",0.0276890140170006
"TTTCTACTTCCTCG-1","B_cell","B_cell",0.0618042544693655
"TTTGCATGAGAGGC-1","B_cell","B_cell",0.0790240121826655
"TTTGCATGCCTCAC-1","T_cells","T_cells",0.0943006096330541
